ts,lat,lon,sats,hdop,distance_jump_m,trust_score
1763794559.4485326,32.63853833333334,75.02231666666667,14,0.9,0.0,0.6874702971903905
1763794560.350564,32.63853833333334,75.02231666666667,14,0.9,0.0,0.6874702971903905
1763794561.3538182,32.63853833333334,75.02231666666667,14,0.9,0.0,0.6874702971903905
1763794562.3321738,32.63853833333334,75.02231666666667,13,0.9,0.0,0.6829668201727839
1763794563.3352606,32.63853833333334,75.02231666666667,13,0.9,0.0,0.6829668201727839
1763794564.3272235,32.63853833333334,75.02231666666667,13,0.9,0.0,0.6829668201727839
1763794565.349443,32.63853833333334,75.02231666666667,13,0.9,0.0,0.6829668201727839
1763794566.333075,32.63853833333334,75.02231666666667,13,0.9,0.0,0.6829668201727839
1763794567.36006,32.63853833333334,75.02231666666667,14,0.9,0.0,0.6874702971903905
1763794568.339651,32.63853833333334,75.02231666666667,14,0.9,0.0,0.6874702971903905
1763794569.3558059,32.63853833333334,75.02231666666667,14,0.9,0.0,0.6874702971903905
1763794570.3575847,32.63853666666667,75.02231666666667,14,0.9,0.18532487806311837,0.6895414927485739
1763794571.3445952,32.63853666666667,75.02231666666667,14,0.9,0.0,0.6874702971903905
1763794572.347268,32.63853666666667,75.02231666666667,14,0.9,0.0,0.6874702971903905
1763794573.332891,32.63853666666667,75.02231666666667,14,0.9,0.0,0.6874702971903905
1763794574.356182,32.63853666666667,75.02231666666667,15,0.8,0.0,0.676277678185439
1763794575.3550112,32.63853666666667,75.02231666666667,15,0.8,0.0,0.676277678185439
1763794576.376488,32.63853666666667,75.022315,15,0.8,0.1560601950858159,0.6786587152770694
1763794577.3796663,32.63853666666667,75.022315,15,0.8,0.0,0.676277678185439
1763794578.3739269,32.63853666666667,75.022315,15,0.8,0.0,0.676277678185439
1763794579.3821824,32.63853666666667,75.022315,15,0.8,0.0,0.676277678185439
1763794580.3569622,32.63853666666667,75.022315,15,0.8,0.0,0.676277678185439
1763794581.3643699,32.63853666666667,75.022315,15,0.8,0.0,0.676277678185439
1763794582.3820362,32.63853666666667,75.022315,15,0.8,0.0,0.676277678185439
1763794583.3765678,32.63853666666667,75.022315,15,0.8,0.0,0.676277678185439
1763794584.350272,32.63853666666667,75.022315,15,0.8,0.0,0.676277678185439
1763794585.3630702,32.63853666666667,75.022315,14,0.9,0.0,0.6874702971903905
1763794586.362258,32.63853666666667,75.022315,14,0.9,0.0,0.6874702971903905
1763794587.3666608,32.638535,75.022315,14,0.9,0.18532487806311837,0.6895414927485739
1763794588.3615472,32.638535,75.022315,14,0.9,0.0,0.6874702971903905
1763794589.3536382,32.638535,75.022315,14,0.9,0.0,0.6874702971903905
1763794590.3685772,32.638535,75.022315,14,0.9,0.0,0.6874702971903905
1763794591.3556626,32.638535,75.022315,14,0.9,0.0,0.6874702971903905
1763794592.3540554,32.638535,75.022315,14,0.9,0.0,0.6874702971903905
1763794593.3718727,32.638535,75.022315,14,0.9,0.0,0.6874702971903905
1763794594.3609705,32.638535,75.022315,14,0.9,0.0,0.6874702971903905
1763794595.3583128,32.638535,75.022315,14,0.9,0.0,0.6874702971903905
1763794596.355528,32.638535,75.022315,14,0.9,0.0,0.6874702971903905
1763794597.350795,32.638535,75.022315,14,0.9,0.0,0.6874702971903905
1763794598.3549047,32.638535,75.022315,14,0.9,0.0,0.6874702971903905
1763794599.3535156,32.638535,75.02231333333333,14,0.9,0.15606019932396892,0.6892214117062145
1763794600.3627267,32.638535,75.02231333333333,14,0.9,0.0,0.6874702971903905
1763794601.342891,32.638535,75.02231333333333,14,0.9,0.0,0.6874702971903905
1763794602.3414068,32.638535,75.02231333333333,14,0.9,0.0,0.6874702971903905
1763794603.3477392,32.638535,75.02231333333333,14,0.9,0.0,0.6874702971903905
1763794604.34259,32.638535,75.02231333333333,14,0.9,0.0,0.6874702971903905
1763794605.3300498,32.638535,75.02231333333333,14,0.9,0.0,0.6874702971903905
1763794606.3321111,32.638535,75.02231333333333,13,0.9,0.0,0.6829668201727839
1763794607.3320127,32.638535,75.02231333333333,13,0.9,0.0,0.6829668201727839
1763794608.3263612,32.638535,75.02231333333333,13,0.9,0.0,0.6829668201727839
1763794609.3372638,32.638535,75.02231333333333,13,0.9,0.0,0.6829668201727839
1763794610.3325832,32.638535,75.02231333333333,13,0.9,0.0,0.6829668201727839
1763794611.3328035,32.638535,75.02231333333333,13,0.9,0.0,0.6829668201727839
1763794612.3313856,32.638535,75.02231333333333,13,0.9,0.0,0.6829668201727839
1763794613.3461258,32.638535,75.02231333333333,13,0.9,0.0,0.6829668201727839
1763794614.3323648,32.638535,75.02231333333333,13,0.9,0.0,0.6829668201727839
1763794615.342347,32.638535,75.02231333333333,14,0.9,0.0,0.6874702971903905
1763794616.3490927,32.638535,75.02231333333333,14,0.9,0.0,0.6874702971903905
1763794617.3520048,32.638535,75.02231333333333,14,0.9,0.0,0.6874702971903905
1763794618.3293905,32.638535,75.02231333333333,14,0.9,0.0,0.6874702971903905
1763794619.323782,32.638535,75.02231333333333,14,0.9,0.0,0.6874702971903905
1763794620.3452468,32.638535,75.02231333333333,14,0.9,0.0,0.6874702971903905
1763794621.3558295,32.638535,75.02231333333333,14,0.9,0.0,0.6874702971903905
1763794622.3578916,32.638535,75.02231333333333,14,0.9,0.0,0.6874702971903905
1763794623.3621206,32.638535,75.02231333333333,14,0.9,0.0,0.6874702971903905
1763794624.3663268,32.638535,75.02231166666667,14,0.9,0.1560601979933196,0.6892214117062145
1763794625.3721652,32.638535,75.02231166666667,15,0.8,0.0,0.676277678185439
1763794626.377953,32.638535,75.02231166666667,15,0.8,0.0,0.676277678185439
1763794627.3739798,32.638535,75.02231166666667,15,0.8,0.0,0.676277678185439
1763794628.3809986,32.638535,75.02231166666667,15,0.8,0.0,0.676277678185439
1763794629.3592126,32.638535,75.02231166666667,15,0.8,0.0,0.676277678185439
1763794630.3779628,32.638535,75.02231166666667,15,0.8,0.0,0.676277678185439
1763794631.3758068,32.638535,75.02231166666667,15,0.8,0.0,0.676277678185439
1763794632.377617,32.638535,75.02231166666667,15,0.8,0.0,0.676277678185439
1763794633.3729494,32.638535,75.02231,15,0.8,0.1560601979933196,0.6786587152770694
1763794634.3709307,32.638533333333335,75.02231,15,0.8,0.1853248772730309,0.6790933000141499
1763794635.3533442,32.638533333333335,75.02231,15,0.8,0.0,0.676277678185439
1763794636.3653224,32.638533333333335,75.02231166666667,15,0.8,0.15606020090082318,0.6786587152770694
1763794637.3732193,32.638533333333335,75.02231166666667,15,0.8,0.0,0.676277678185439
1763794638.3596616,32.638533333333335,75.02231166666667,15,0.8,0.0,0.676277678185439
1763794639.3667843,32.638533333333335,75.02231166666667,15,0.8,0.0,0.676277678185439
1763794640.377625,32.638533333333335,75.02231166666667,15,0.8,0.0,0.676277678185439
1763794641.3722389,32.638533333333335,75.02231166666667,15,0.8,0.0,0.676277678185439
1763794642.3531392,32.638533333333335,75.02231166666667,15,0.8,0.0,0.676277678185439
1763794643.3792758,32.638533333333335,75.02231166666667,15,0.8,0.0,0.676277678185439
1763794644.3711076,32.638533333333335,75.02231166666667,15,0.8,0.0,0.676277678185439
1763794645.3698015,32.638533333333335,75.02231166666667,15,0.8,0.0,0.676277678185439
1763794646.3668976,32.638533333333335,75.02231166666667,15,0.8,0.0,0.676277678185439
1763794647.357013,32.638533333333335,75.02231166666667,15,0.8,0.0,0.676277678185439
1763794648.355504,32.638533333333335,75.02231166666667,15,0.8,0.0,0.676277678185439
1763794649.3635535,32.638533333333335,75.02231333333333,15,0.8,0.15606020090082318,0.6786587152770694
1763794650.3614933,32.638533333333335,75.02231333333333,15,0.8,0.0,0.676277678185439
1763794651.372407,32.638533333333335,75.02231333333333,15,0.8,0.0,0.676277678185439
1763794652.374986,32.638533333333335,75.02231333333333,15,0.8,0.0,0.676277678185439
1763794653.3675964,32.638533333333335,75.02231333333333,15,0.8,0.0,0.676277678185439
1763794654.3706443,32.638533333333335,75.02231333333333,15,0.8,0.0,0.676277678185439
1763794655.37939,32.638533333333335,75.02231333333333,15,0.8,0.0,0.676277678185439
1763794656.4075606,32.638533333333335,75.022315,15,0.8,0.15606020223147246,0.6786587152770694
1763794657.364419,32.638533333333335,75.022315,15,0.8,0.0,0.676277678185439
1763794658.360343,32.638533333333335,75.022315,15,0.8,0.0,0.676277678185439
1763794659.38443,32.638533333333335,75.022315,15,0.8,0.0,0.676277678185439
1763794660.3840938,32.638533333333335,75.022315,15,0.8,0.0,0.676277678185439
1763794661.3620393,32.638533333333335,75.022315,15,0.8,0.0,0.676277678185439
1763794662.4051592,32.638533333333335,75.022315,15,0.8,0.0,0.676277678185439
1763794663.388669,32.638533333333335,75.022315,15,0.8,0.0,0.676277678185439
1763794664.351873,32.638533333333335,75.022315,15,0.8,0.0,0.676277678185439
1763794665.3747609,32.638533333333335,75.022315,15,0.8,0.0,0.676277678185439
1763794666.3628855,32.638533333333335,75.022315,15,0.8,0.0,0.676277678185439
1763794667.3617616,32.638533333333335,75.022315,15,0.8,0.0,0.676277678185439
1763794668.356892,32.638533333333335,75.022315,15,0.8,0.0,0.676277678185439
1763794669.3784232,32.638531666666665,75.022315,15,0.8,0.18532487806311837,0.6790933000141499
1763794670.387283,32.638531666666665,75.022315,15,0.8,0.0,0.676277678185439
1763794671.4105659,32.638531666666665,75.02231666666667,15,0.8,0.1560602038083266,0.6786587152770694
1763794672.3801885,32.638531666666665,75.02231666666667,15,0.8,0.0,0.676277678185439
1763794673.3827696,32.638531666666665,75.02231666666667,15,0.8,0.0,0.676277678185439
1763794674.384435,32.638531666666665,75.02231666666667,15,0.8,0.0,0.676277678185439
1763794675.3795917,32.638531666666665,75.02231666666667,15,0.8,0.0,0.676277678185439
1763794676.3730545,32.638531666666665,75.02231666666667,15,0.8,0.0,0.676277678185439
1763794677.3666537,32.638531666666665,75.02231666666667,15,0.8,0.0,0.676277678185439
1763794678.369952,32.638531666666665,75.02231666666667,16,0.7,0.0,0.6407835343469589
1763794679.3522875,32.638531666666665,75.02231666666667,16,0.7,0.0,0.6407835343469589
1763794680.352845,32.638531666666665,75.02231666666667,16,0.7,0.0,0.6407835343469589
1763794681.358538,32.638531666666665,75.02231666666667,16,0.7,0.0,0.6407835343469589
1763794682.3620036,32.638531666666665,75.02231833333333,16,0.7,0.1560602038083266,0.6441911163653077
1763794683.356409,32.638531666666665,75.02231833333333,16,0.7,0.0,0.6407835343469589
1763794684.3741574,32.638531666666665,75.02231833333333,16,0.7,0.0,0.6407835343469589
1763794685.3602781,32.638531666666665,75.02231833333333,16,0.7,0.0,0.6407835343469589
1763794686.3557224,32.638531666666665,75.02231833333333,16,0.7,0.0,0.6407835343469589
1763794687.34768,32.638531666666665,75.02231833333333,16,0.7,0.0,0.6407835343469589
1763794688.3649693,32.638531666666665,75.02231833333333,16,0.7,0.0,0.6407835343469589
1763794689.3522434,32.638531666666665,75.02231833333333,16,0.7,0.0,0.6407835343469589
1763794690.3808637,32.638531666666665,75.02231833333333,15,0.8,0.0,0.676277678185439
1763794691.3561323,32.638531666666665,75.02231833333333,15,0.8,0.0,0.676277678185439
1763794692.3865576,32.638531666666665,75.02232,15,0.8,0.1560602038083266,0.6786587152770694
1763794693.3779252,32.638531666666665,75.02232,15,0.8,0.0,0.676277678185439
1763794694.3700352,32.638531666666665,75.02232,15,0.8,0.0,0.676277678185439
1763794695.3673563,32.638531666666665,75.02232,15,0.8,0.0,0.676277678185439
1763794696.3690186,32.638531666666665,75.02232,15,0.8,0.0,0.676277678185439
1763794697.368489,32.63853,75.02232,15,0.8,0.1853248772730309,0.6790933000141499
1763794698.3717206,32.63853,75.02232,15,0.8,0.0,0.676277678185439
1763794699.3664696,32.63853,75.02232,15,0.8,0.0,0.676277678185439
1763794700.3442912,32.63853,75.02232,15,0.8,0.0,0.676277678185439
1763794701.3682528,32.63853,75.02232,15,0.8,0.0,0.676277678185439
1763794702.360049,32.63853,75.02232,14,0.8,0.0,0.6729505261711822
1763794703.3595912,32.63853,75.02232,14,0.8,0.0,0.6729505261711822
1763794704.3549747,32.63853,75.02232,14,0.8,0.0,0.6729505261711822
1763794705.3651745,32.63853,75.02232,14,0.8,0.0,0.6729505261711822
1763794706.369145,32.63853,75.02232,14,0.8,0.0,0.6729505261711822
1763794707.3746166,32.63853,75.02232,14,0.8,0.0,0.6729505261711822
1763794708.3749013,32.63853,75.02232166666667,14,0.8,0.1560602080464793,0.6757795020536458
1763794709.3714104,32.63853,75.02232166666667,14,0.8,0.0,0.6729505261711822
1763794710.3751702,32.63853,75.02232166666667,14,0.8,0.0,0.6729505261711822
1763794711.3940167,32.63853,75.02232166666667,16,0.7,0.0,0.6407835343469589
1763794712.4354165,32.63853,75.02232166666667,15,0.7,0.0,0.6520644768524264
1763794713.3963795,32.63853,75.02232166666667,15,0.7,0.0,0.6520644768524264
1763794714.4404166,32.63853,75.02232166666667,15,0.7,0.0,0.6520644768524264
1763794715.4203632,32.63853,75.02232166666667,15,0.7,0.0,0.6520644768524264
1763794716.3746774,32.63853,75.02232166666667,15,0.7,0.0,0.6520644768524264
1763794717.386116,32.63853,75.02232166666667,15,0.7,0.0,0.6520644768524264
1763794718.3836715,32.63853,75.02232166666667,15,0.7,0.0,0.6520644768524264
1763794719.4110367,32.63852833333333,75.02232333333333,15,0.7,0.24228103310627272,0.6583851930130505
1763794720.417794,32.63852833333333,75.02232333333333,15,0.7,0.0,0.6520644768524264
1763794721.3873591,32.63852833333333,75.02232333333333,15,0.7,0.0,0.6520644768524264
1763794722.419759,32.63853,75.02232333333333,15,0.7,0.18532487806311837,0.656937814609595
1763794723.3972638,32.63853,75.02232333333333,15,0.7,0.0,0.6520644768524264
1763794724.3853228,32.63853,75.02232333333333,15,0.7,0.0,0.6520644768524264
1763794725.3781133,32.63853,75.02232333333333,15,0.7,0.0,0.6520644768524264
1763794726.3993769,32.63853,75.02232333333333,15,0.7,0.0,0.6520644768524264
1763794727.3939447,32.63853,75.02232333333333,15,0.7,0.0,0.6520644768524264
1763794728.4066257,32.63853,75.02232333333333,15,0.7,0.0,0.6520644768524264
1763794729.3659658,32.63853,75.02232333333333,15,0.7,0.0,0.6520644768524264
1763794730.3758452,32.63853,75.02232333333333,15,0.7,0.0,0.6520644768524264
1763794731.3512363,32.63853,75.02232333333333,14,0.7,0.0,0.653643690227896
1763794732.4066145,32.63853,75.02232333333333,14,0.7,0.0,0.653643690227896
1763794733.3774023,32.63853,75.02232333333333,14,0.7,0.0,0.653643690227896
1763794734.3653607,32.63853,75.02232333333333,14,0.7,0.0,0.653643690227896
1763794735.3748615,32.63853,75.02232333333333,15,0.7,0.0,0.6520644768524264
1763794736.3664823,32.63853,75.02232333333333,15,0.7,0.0,0.6520644768524264
1763794737.373318,32.63853,75.02232333333333,15,0.7,0.0,0.6520644768524264
1763794738.3641694,32.63853,75.02232333333333,15,0.7,0.0,0.6520644768524264
1763794739.3786519,32.63852833333333,75.02232333333333,15,0.7,0.18532487806311837,0.656937814609595
1763794740.3668742,32.63852833333333,75.02232333333333,15,0.7,0.0,0.6520644768524264
1763794741.3624594,32.63852833333333,75.02232333333333,16,0.7,0.0,0.6407835343469589
1763802948.272608,32.63856833333333,75.02223166666667,17,0.7,0.0,0.7008796398829645
1763802949.265029,32.63856833333333,75.02223,17,0.7,0.1560601411738692,0.7047803999631629
1763802950.25543,32.63856833333333,75.02223,17,0.7,0.0,0.7008796398829645
1763802951.271488,32.63856833333333,75.02223,17,0.7,0.0,0.7008796398829645
1763802952.270557,32.63857,75.02223,17,0.7,0.18532487806311837,0.7091925661034673
1763802953.2912035,32.63856833333333,75.02223,17,0.7,0.18532487806311837,0.7091925661034673
1763802954.2950397,32.63857,75.02223,17,0.7,0.18532487806311837,0.7091925661034673
1763802955.2783313,32.63857,75.02223,17,0.7,0.0,0.7008796398829645
1763802956.2749627,32.63857,75.02223,17,0.7,0.0,0.7008796398829645
1763802957.2737608,32.63856833333333,75.02223,17,0.7,0.18532487806311837,0.7091925661034673
1763802958.2888765,32.63856833333333,75.02223,17,0.7,0.0,0.7008796398829645
1763802959.2831814,32.63856833333333,75.02223,17,0.7,0.0,0.7008796398829645
1763802960.3044465,32.63856833333333,75.02223,17,0.7,0.0,0.7008796398829645
1763802961.3093,32.63856833333333,75.02223,17,0.7,0.0,0.7008796398829645
1763802962.3044531,32.63856833333333,75.02223,17,0.7,0.0,0.7008796398829645
1763802963.310978,32.63856833333333,75.02223,17,0.7,0.0,0.7008796398829645
1763802964.3370516,32.63856833333333,75.02223,17,0.7,0.0,0.7008796398829645
1763802965.3133836,32.63856833333333,75.02223,17,0.7,0.0,0.7008796398829645
1763802966.3032155,32.63856833333333,75.02223,17,0.7,0.0,0.7008796398829645
1763802967.2961044,32.63856833333333,75.02223,17,0.7,0.0,0.7008796398829645
1763802968.324489,32.63856833333333,75.02223,17,0.7,0.0,0.7008796398829645
1763802969.3084686,32.63856833333333,75.02223,17,0.7,0.0,0.7008796398829645
1763802970.3099906,32.63856833333333,75.02223,17,0.7,0.0,0.7008796398829645
1763802971.314822,32.63856833333333,75.02223,17,0.7,0.0,0.7008796398829645
1763802972.270145,32.63856666666667,75.02223,17,0.7,0.1853248772730309,0.7091925661034673
1763802973.2733421,32.63856666666667,75.02223,17,0.7,0.0,0.7008796398829645
1763802974.2703876,32.63856666666667,75.02222833333333,17,0.7,0.15606014275072663,0.7047803999631629
1763802975.2685843,32.63856666666667,75.02222833333333,17,0.7,0.0,0.7008796398829645
1763802976.2562397,32.63856666666667,75.02222833333333,17,0.7,0.0,0.7008796398829645
1763802977.2875192,32.63856666666667,75.02222833333333,17,0.7,0.0,0.7008796398829645
1763802978.2819877,32.63856666666667,75.02222833333333,17,0.7,0.0,0.7008796398829645
1763802979.284758,32.63856666666667,75.02222833333333,17,0.7,0.0,0.7008796398829645
1763802980.2886553,32.63856666666667,75.02222833333333,17,0.7,0.0,0.7008796398829645
1763802981.2881765,32.63856666666667,75.02222833333333,17,0.7,0.0,0.7008796398829645
1763802982.2907448,32.63856666666667,75.02222833333333,17,0.7,0.0,0.7008796398829645
1763802983.3029282,32.63856666666667,75.02222833333333,17,0.7,0.0,0.7008796398829645
1763802984.262493,32.63856666666667,75.02222833333333,17,0.7,0.0,0.7008796398829645
1763802985.2633374,32.63856666666667,75.02222833333333,17,0.7,0.0,0.7008796398829645
1763802986.2622788,32.63856666666667,75.02222833333333,17,0.7,0.0,0.7008796398829645
1763802987.2602472,32.63856666666667,75.02223,17,0.7,0.15606014275072663,0.7047803999631629
1763844535.1238818,32.638553333333334,75.022155,5,5.2,0.0,0.7111945095074108
1763844536.1190462,32.638553333333334,75.022155,5,5.2,0.0,0.7111945095074108
1763844537.1157205,32.638551666666665,75.022155,5,5.2,0.18532487806311837,0.6025548689342748
1763844538.1168115,32.638551666666665,75.022155,5,5.2,0.0,0.7111945095074108
1763844539.1539116,32.638551666666665,75.022155,5,5.2,0.0,0.7111945095074108
1763844540.147944,32.638551666666665,75.02215333333334,5,5.2,0.15606016891827662,0.6233500337554859
1763844541.1526103,32.63855,75.02215333333334,5,5.2,0.1853248772730309,0.6025548689342748
1763844542.153677,32.63855,75.02215333333334,5,5.2,0.0,0.7111945095074108
1763844543.1490624,32.63855,75.02215333333334,5,5.2,0.0,0.7111945095074108
1763844544.1492598,32.63855,75.02215333333334,5,5.2,0.0,0.7111945095074108
1763844545.1510248,32.63855,75.02215333333334,5,5.2,0.0,0.7111945095074108
1763844546.1540768,32.63855,75.02215333333334,5,5.2,0.0,0.7111945095074108
1763844547.2884243,32.63854833333333,75.02215333333334,5,5.2,0.18532487806311837,0.6025548689342748
1763844548.1212242,32.638551666666665,75.02214666666667,5,5.2,0.7259873817613614,0.43464463932342334
1763844549.1242158,32.638551666666665,75.02214666666667,5,5.2,0.0,0.7111945095074108
1763844550.1148918,32.638551666666665,75.02214666666667,5,5.2,0.0,0.7111945095074108
1763844551.1216862,32.63855,75.02214666666667,5,5.2,0.1853248772730309,0.6025548689342748
1763844552.1517246,32.63855,75.02214666666667,5,5.2,0.0,0.7111945095074108
1763844553.1523004,32.63855,75.02214666666667,5,5.2,0.0,0.7111945095074108
1763844554.1253939,32.63855,75.02214,5,5.2,0.624240689964424,0.43636144471951743
1763844555.1242673,32.63854666666667,75.022135,5,5.2,0.5971383795828248,0.4406543753207841
1763844556.12685,32.63854666666667,75.02212666666667,5,5.2,0.7803008908652525,0.43732753655601736
1763844557.1212268,32.63854666666667,75.02212833333333,5,5.2,0.1560601776407909,0.62335000576696
1763844558.122231,32.63854666666667,75.02212833333333,5,5.2,0.0,0.7111945095074108
1763844559.150841,32.63854666666667,75.02212833333333,5,5.2,0.0,0.7111945095074108
1763844560.1541617,32.63854666666667,75.02212833333333,5,5.2,0.0,0.7111945095074108
1763844561.1278584,32.63854833333333,75.022125,5,5.2,0.3629936976069723,0.522149258297366
1763844562.128028,32.63854666666667,75.022125,5,5.2,0.1853248772730309,0.6025548689342748
1763844563.129673,32.63854666666667,75.022125,5,5.2,0.0,0.7111945095074108
1763844564.1321864,32.63854666666667,75.022125,5,5.2,0.0,0.7111945095074108
1763844565.0977738,32.63854,75.02213,4,5.2,0.8767656441048887,0.4399812918472122
                                                                                                                                                                                                1763844683.1457686,32.638585,75.02236,7,1.6,0.0,0.638659534714529
1763844684.148208,32.638585,75.02235833333333,7,1.6,0.15606011209879955,0.6382340335526455
1763844685.151698,32.638585,75.02235666666667,7,1.6,0.156060110768151,0.6382340335526455
1763844686.1613998,32.638585,75.02235833333333,7,1.6,0.156060110768151,0.6382340335526455
1763844687.229223,32.638585,75.02235666666667,8,1.6,0.156060110768151,0.6459255611287885
1763844688.2032847,32.638585,75.02235666666667,8,1.6,0.0,0.6450933822162424
1763844689.2037609,32.638585,75.02235666666667,8,1.6,0.0,0.6450933822162424
1763844690.203234,32.638585,75.022355,8,1.6,0.156060110768151,0.6459255611287885
1763844691.2025785,32.638585,75.022355,8,1.6,0.0,0.6450933822162424
1763844693.1963723,32.638585,75.02235666666667,8,1.6,0.156060110768151,0.6459255611287885
1763844695.162422,32.638585,75.02235833333333,8,1.6,0.156060110768151,0.6459255611287885
1763844696.1761208,32.638585,75.02235833333333,8,1.6,0.0,0.6450933822162424
1763844697.177043,32.63858666666667,75.02235833333333,8,1.6,0.18532487806311837,0.6441330784259431
1763844698.1832154,32.63858666666667,75.02235833333333,8,1.6,0.0,0.6450933822162424
1763844699.1943793,32.63858666666667,75.02235666666667,8,1.6,0.15606010786064334,0.6459255611287885
1763844700.1789014,32.63858666666667,75.02235666666667,8,1.6,0.0,0.6450933822162424
1763844701.1785884,32.63858666666667,75.02235666666667,8,1.6,0.0,0.6450933822162424
1763844702.1398563,32.63858666666667,75.02235666666667,8,1.6,0.0,0.6450933822162424
1763844703.1290286,32.63858666666667,75.022355,8,1.6,0.15606010786064334,0.6459255611287885
1763844704.1082559,32.63858666666667,75.022355,8,1.6,0.0,0.6450933822162424
1763844705.1040347,32.63858833333333,75.02235333333333,8,1.6,0.24228096781075464,0.6402712277836446
1763844706.0892189,32.63858833333333,75.022355,8,1.6,0.15606010628378403,0.6459255611287885
1763844707.1147504,32.63858833333333,75.022355,8,1.6,0.0,0.6450933822162424
1763844714.0727754,32.63858833333333,75.02235,8,1.6,0.468180316190055,0.6358546816604629
1763844715.0371451,32.63858833333333,75.02235,8,1.6,0.0,0.6450933822162424
1763844716.031617,32.63858833333333,75.02235,8,1.6,0.0,0.6450933822162424
1763844717.0323956,32.63859,75.02235,8,1.6,0.18532487806311837,0.6441330784259431
1763844718.0382357,32.63859,75.02235,8,1.6,0.0,0.6450933822162424
1763844719.0497785,32.63859,75.02235,8,1.6,0.0,0.6450933822162424
1763844720.0757582,32.63859,75.02235166666667,8,1.6,0.15606010204562762,0.6459255611287885
1763844721.0702276,32.63859,75.02235333333333,8,1.6,0.15606010204562762,0.6459255611287885
1763844722.0692325,32.63858833333333,75.02235333333333,8,1.6,0.18532487806311837,0.6441330784259431
1763844723.0672004,32.63858833333333,75.022355,8,1.6,0.15606010628378403,0.6459255611287885
1763844724.0250459,32.63858833333333,75.02235666666667,8,1.6,0.15606010495313555,0.6459255611287885
1763844725.047155,32.63858833333333,75.02236166666667,8,1.6,0.468180316190055,0.6358546816604629
1763844726.049052,32.63858833333333,75.022365,9,1.3,0.3121202099062711,0.6546966769457908
1763844727.0346518,32.63858666666667,75.02236666666667,9,1.3,0.24228096781075464,0.6564197943159235
1763844728.0460784,32.63858666666667,75.02237166666667,9,1.3,0.4681803249125785,0.6518891049750108
1763844729.0621583,32.63858666666667,75.022375,8,1.6,0.3121202157212867,0.6387830607648058
1763844730.0379114,32.63858666666667,75.02237666666667,8,1.6,0.15606010919129185,0.6459255611287885
1763844731.024999,32.638585,75.02237833333334,8,1.6,0.2422809694308063,0.6402712277836446
1763844732.0343874,32.638585,75.02238,8,1.6,0.156060110768151,0.6459255611287885
1763844733.0322487,32.638585,75.02238,8,1.6,0.0,0.6450933822162424
1763844734.0459924,32.638585,75.02237833333334,8,1.6,0.156060110768151,0.6459255611287885
1763844735.058906,32.638585,75.02238,7,1.6,0.156060110768151,0.6382340335526455
1763844736.0823677,32.63858333333334,75.02238,7,1.6,0.1853248772730309,0.6363364371787421
1763844737.0916493,32.63858333333334,75.02238,7,1.6,0.0,0.638659534714529
1763844738.0779464,32.63858333333334,75.02237833333334,7,1.6,0.15606011367565853,0.6382340335526455
1763844739.077391,32.63858333333334,75.02237833333334,7,1.6,0.0,0.638659534714529
1763844740.091439,32.63858333333334,75.02237833333334,7,1.6,0.0,0.638659534714529
1763844741.0844743,32.63858333333334,75.02238,7,1.6,0.15606011367565853,0.6382340335526455
1763844742.0981936,32.638585,75.02238,7,1.6,0.1853248772730309,0.6363364371787421
1763844743.142176,32.638585,75.02238166666666,7,1.6,0.156060110768151,0.6382340335526455
1763844744.1507368,32.638585,75.02238166666666,7,1.6,0.0,0.638659534714529
1763844745.1426473,32.638585,75.02238166666666,7,1.6,0.0,0.638659534714529
1763844746.1674953,32.638585,75.02238166666666,7,1.6,0.0,0.638659534714529
1763844747.2438602,32.638585,75.02238333333334,9,1.3,0.15606011209879955,0.6622447361021455
1763844748.1806042,32.638585,75.02238333333334,9,1.3,0.0,0.6597546496581688
1763844749.1726387,32.638585,75.02238333333334,9,1.3,0.0,0.6597546496581688
1763844750.1539493,32.63858666666667,75.02238333333334,8,1.6,0.18532487806311837,0.6441330784259431
1763844751.1606271,32.63858666666667,75.02238166666666,8,1.6,0.15606010919129185,0.6459255611287885
1763844752.1643438,32.63858666666667,75.02238166666666,8,1.6,0.0,0.6450933822162424
1763844753.2021925,32.63858666666667,75.02238166666666,8,1.6,0.0,0.6450933822162424
1763844754.1728206,32.63858666666667,75.02238,8,1.6,0.15606010786064334,0.6459255611287885
1763844755.1811402,32.63858666666667,75.02238166666666,8,1.6,0.15606010786064334,0.6459255611287885
1763844756.1442618,32.63858666666667,75.02238166666666,8,1.6,0.0,0.6450933822162424
1763844757.1569617,32.63858666666667,75.02238166666666,8,1.6,0.0,0.6450933822162424
1763844758.153851,32.63858666666667,75.02238166666666,8,1.6,0.0,0.6450933822162424
1763844759.1929054,32.63858666666667,75.02238166666666,8,1.6,0.0,0.6450933822162424
1763844760.1721458,32.63858666666667,75.02238166666666,8,1.6,0.0,0.6450933822162424
1763844761.177944,32.63858833333333,75.02238166666666,8,1.6,0.1853248772730309,0.6441330784259431
1763844762.1821215,32.63858833333333,75.02238166666666,9,1.3,0.0,0.6597546496581688
1763844763.18599,32.63858833333333,75.02238166666666,9,1.3,0.0,0.6597546496581688
1763844764.2052119,32.63858833333333,75.02238,9,1.3,0.15606010495313555,0.6622447361021455
1763844765.2305837,32.63859,75.02238,9,1.3,0.18532487806311837,0.6605098625975799
1763844766.218521,32.63859,75.02237833333334,9,1.3,0.15606010204562762,0.6622447361021455
1763844767.2214196,32.63859,75.02237833333334,9,1.3,0.0,0.6597546496581688
1763844768.2001712,32.63859,75.02237666666667,9,1.3,0.15606010204562762,0.6622447361021455
1763844769.1917074,32.63859,75.02237666666667,9,1.3,0.0,0.6597546496581688
1763844770.1925433,32.63859166666667,75.02237666666667,9,1.3,0.18532487806311837,0.6605098625975799
1763844771.2144775,32.63859166666667,75.02237666666667,9,1.3,0.0,0.6597546496581688
1763844772.2161942,32.63859166666667,75.02237666666667,9,1.3,0.0,0.6597546496581688
1763844773.225959,32.63859166666667,75.02237666666667,9,1.3,0.0,0.6597546496581688
1763844775.1929402,32.63859166666667,75.02237666666667,9,1.3,0.0,0.6597546496581688
1763844778.1957617,32.63859166666667,75.022375,9,1.3,0.15606010046876798,0.6622447361021455
1763844779.2309136,32.63859166666667,75.022375,9,1.3,0.0,0.6597546496581688
1763844780.232638,32.63859166666667,75.022375,9,1.3,0.0,0.6597546496581688
1763844781.2342184,32.63859166666667,75.022375,8,1.6,0.0,0.6450933822162424
1763844782.1904802,32.63859166666667,75.022375,8,1.6,0.0,0.6450933822162424
1763844783.1873572,32.63859166666667,75.022375,8,1.6,0.0,0.6450933822162424
1763844784.1937451,32.63859,75.02237,8,1.6,0.5035256762527486,0.632672277373814
1763844785.1920748,32.63858666666667,75.022365,8,1.6,0.5971382164947803,0.6262729881145367
1763844786.200727,32.638585,75.02235833333333,8,1.6,0.6511692833648899,0.6262401753155669
1763844787.2317135,32.63858333333334,75.02236,8,1.6,0.24228097155637254,0.6402712277836446
1763844788.222102,32.63858333333334,75.02236166666667,8,1.6,0.15606011367565853,0.6459255611287885
1763844789.2357345,32.63858166666667,75.02236166666667,8,1.6,0.18532487806311837,0.6441330784259431
1763844790.1938798,32.63858166666667,75.02236166666667,8,1.6,0.0,0.6450933822162424
1763844791.2065222,32.63858,75.02236,8,1.6,0.2422809750492328,0.6402712277836446
1763844792.1925063,32.63858,75.02236,8,1.6,0.0,0.6450933822162424
1763844793.1869726,32.63858,75.02236,8,1.6,0.0,0.6450933822162424
1763844794.194588,32.63858,75.02236,8,1.6,0.0,0.6450933822162424
1763844795.2189243,32.63858,75.02236,8,1.6,0.0,0.6450933822162424
1763844796.1942794,32.63858,75.02236,8,1.6,0.0,0.6450933822162424
1763844797.2131662,32.638578333333335,75.02236,8,1.6,0.1853248772730309,0.6441330784259431
1763844798.2025583,32.638578333333335,75.02235833333333,8,1.6,0.156060123728829,0.6459255611287885
1763844799.1823726,32.638578333333335,75.02235833333333,8,1.6,0.0,0.6450933822162424
1763844800.1926713,32.638578333333335,75.02235666666667,8,1.6,0.15606012239818035,0.6459255611287885
1763844801.2108276,32.63858,75.022355,8,1.6,0.24228097631769005,0.6402712277836446
1763844802.2329295,32.638578333333335,75.02235333333333,8,1.6,0.24228097717479896,0.6402712277836446
1763844803.240941,32.638578333333335,75.02235333333333,8,1.6,0.0,0.6450933822162424
1763844804.2408407,32.638578333333335,75.02235,8,1.6,0.3121202447963607,0.6387830607648058
1763844805.226699,32.638576666666665,75.02234833333333,8,1.6,0.24228097965195913,0.6402712277836446
1763844806.1989925,32.638576666666665,75.02234833333333,8,1.6,0.0,0.6450933822162424
1763844807.2202778,32.638576666666665,75.02234833333333,9,1.3,0.0,0.6597546496581688
1763844808.2272825,32.638575,75.02234833333333,9,1.3,0.1853248772730309,0.6605098625975799
1763844809.2486029,32.638575,75.02235,9,1.3,0.15606012954384293,0.6622447361021455
1763844810.2562027,32.638575,75.02235,9,1.3,0.0,0.6597546496581688
1763844811.2339184,32.63857333333333,75.02234666666666,10,1.2,0.36299361915385303,0.663832572786689
1763844812.213535,32.638571666666664,75.02234333333334,10,1.2,0.3629936230097365,0.6638325860879951
1763844813.2283034,32.63857,75.02234,10,1.2,0.3629936287505618,0.6638325860879951
1763844814.2258265,32.63856833333333,75.02233666666666,10,1.2,0.3629936341539797,0.6638325860879951
1763844815.2326674,32.63856666666667,75.02233166666667,10,1.2,0.5035257882680351,0.6574807641631982
1763844816.2558272,32.638565,75.02233,10,1.2,0.24228099276161802,0.664828774912829
1763844817.212929,32.638565,75.02232666666667,10,1.2,0.31212029131646546,0.6630391277260839
1763844818.2175608,32.63856333333333,75.022325,10,1.2,0.24228099463442615,0.664828774912829
1763844819.2172122,32.63856333333333,75.02232333333333,10,1.2,0.15606014856573866,0.6711742067081012
1763844820.2160661,32.63856333333333,75.02232333333333,10,1.2,0.0,0.6690907065829446
1763844821.21766,32.63856333333333,75.02232166666667,10,1.2,0.15606014856573866,0.6711742067081012
1763844822.2548525,32.63856333333333,75.02232166666667,10,1.2,0.0,0.6690907065829446
1763844823.252933,32.63856166666667,75.02232166666667,10,1.2,0.1853248772730309,0.6692722980185645
1763844824.2550502,32.63856166666667,75.02231833333333,10,1.2,0.31212030427713783,0.6630391144093186
1763844825.2220447,32.63856166666667,75.02231666666667,10,1.2,0.15606015147324448,0.6711741935533923
1763844826.220596,32.63856166666667,75.02231666666667,10,1.2,0.0,0.6690907065829446
1763844827.2299035,32.63856,75.02231333333333,10,1.2,0.3629936591541868,0.6638325860879951
1763844828.2259338,32.63856,75.02231333333333,10,1.2,0.0,0.6690907065829446
1763844829.2265098,32.63856,75.02231166666667,10,1.2,0.15606015438075016,0.6711741935533923
1763844830.2754729,32.638558333333336,75.02231,10,1.2,0.2422809987913896,0.664828774912829
1763844831.257912,32.638556666666666,75.02231,10,1.2,0.18532487806311837,0.6692722980185645
1763844832.2237508,32.638556666666666,75.02230833333333,10,1.2,0.15606016152641008,0.6711741935533923
1763844833.2314262,32.638555,75.02230833333333,10,1.2,0.18532487806311837,0.6692722980185645
1763844834.2366204,32.638555,75.02230666666667,11,1.1,0.15606016310326642,0.6751481884370454
1763844835.2423334,32.638555,75.02230666666667,11,1.1,0.0,0.6747739367154079
1763844836.2443817,32.638555,75.022305,11,1.1,0.15606016310326642,0.6751481884370454
1763844837.2608554,32.638555,75.022305,11,1.1,0.0,0.6747739367154079
1763844838.2350836,32.638555,75.02230333333333,11,1.1,0.1560601644339154,0.6751481884370454
1763844839.2332313,32.638555,75.02230333333333,11,1.1,0.0,0.6747739367154079
1763844840.2476547,32.638555,75.02230333333333,11,1.1,0.0,0.6747739367154079
1763844841.2306457,32.638555,75.02230166666666,11,1.1,0.15606016310326642,0.6751481884370454
1763844842.2441552,32.638555,75.02230166666666,11,1.1,0.0,0.6747739367154079
1763844843.2636573,32.638555,75.0223,11,1.1,0.15606016310326642,0.6751481884370454
1763844844.2386427,32.638553333333334,75.0223,11,1.1,0.1853248772730309,0.6729291167879379
1763844845.2485368,32.638553333333334,75.02229833333334,11,1.1,0.15606016601077158,0.6751481884370454
1763844846.2409074,32.638553333333334,75.02229833333334,11,1.1,0.0,0.6747739367154079
1763844847.2436705,32.638553333333334,75.02229666666666,11,1.1,0.1560601673414206,0.6751481884370454
1763844848.227751,32.638553333333334,75.02229666666666,11,1.1,0.0,0.6747739367154079
1763844849.233747,32.638553333333334,75.022295,11,1.1,0.15606016601077158,0.6751481884370454
1763844850.2388906,32.638553333333334,75.022295,11,1.1,0.0,0.6747739367154079
1763844851.2513213,32.638553333333334,75.022295,11,1.1,0.0,0.6747739367154079
1763844852.2381246,32.638553333333334,75.02229333333334,11,1.1,0.15606016601077158,0.6751481884370454
1763844853.2711194,32.638553333333334,75.02229333333334,11,1.1,0.0,0.6747739367154079
1763844854.2753615,32.638553333333334,75.02229333333334,11,1.1,0.0,0.6747739367154079
1763844855.238678,32.638553333333334,75.02229333333334,11,1.1,0.0,0.6747739367154079
1763844856.2376635,32.638553333333334,75.022295,11,1.1,0.15606016601077158,0.6751481884370454
1763844857.2298813,32.638553333333334,75.02229333333334,11,1.1,0.15606016601077158,0.6751481884370454
1763844858.2401423,32.638555,75.022295,11,1.1,0.24228100440981304,0.6680352494353129
1763844859.241427,32.638555,75.02229333333334,11,1.1,0.15606016310326642,0.6751481884370454
1763844860.2428195,32.638555,75.02229333333334,11,1.1,0.0,0.6747739367154079
1763844861.232936,32.638555,75.02229333333334,11,1.1,0.0,0.6747739367154079
1763844862.2197917,32.638555,75.02229333333334,11,1.1,0.0,0.6747739367154079
1763844863.2451756,32.638555,75.02229333333334,11,1.1,0.0,0.6747739367154079
1763844864.2150369,32.638555,75.02229333333334,11,1.1,0.0,0.6747739367154079
1763844865.2241044,32.638555,75.02229166666666,11,1.1,0.1560601644339154,0.6751481884370454
1763844866.2558916,32.638553333333334,75.02229166666666,11,1.1,0.1853248772730309,0.6729291167879379
1763844867.2569268,32.638553333333334,75.02229166666666,11,1.1,0.0,0.6747739367154079
1763844868.2689066,32.638553333333334,75.02229166666666,11,1.1,0.0,0.6747739367154079
1763844869.2468238,32.638553333333334,75.02229166666666,11,1.1,0.0,0.6747739367154079
1763844870.2608147,32.638553333333334,75.02229166666666,11,1.1,0.0,0.6747739367154079
1763844871.2516954,32.638553333333334,75.02229333333334,11,1.1,0.1560601673414206,0.6751481884370454
1763844872.2513437,32.638553333333334,75.02229333333334,11,1.1,0.0,0.6747739367154079
1763844873.2612283,32.638553333333334,75.02229333333334,11,1.1,0.0,0.6747739367154079
1763844874.2250252,32.638553333333334,75.02229333333334,11,1.1,0.0,0.6747739367154079
1763844875.2244368,32.638553333333334,75.02229333333334,11,1.1,0.0,0.6747739367154079
1763844876.231279,32.638553333333334,75.02229333333334,11,1.1,0.0,0.6747739367154079
1763844877.2362,32.638553333333334,75.02229333333334,11,1.1,0.0,0.6747739367154079
1763844878.2327712,32.638551666666665,75.02229333333334,11,1.1,0.18532487806311837,0.6729291167879379
1763844879.2694252,32.638551666666665,75.02229333333334,11,1.1,0.0,0.6747739367154079
1763844880.2684321,32.638551666666665,75.02229333333334,11,1.1,0.0,0.6747739367154079
1763844881.2750368,32.638551666666665,75.02229333333334,11,1.1,0.0,0.6747739367154079
1763844882.2315538,32.638551666666665,75.02229166666666,11,1.1,0.15606017024892566,0.6751481884370454
1763844883.2377846,32.638551666666665,75.02229166666666,11,1.1,0.0,0.6747739367154079
1763844884.2356439,32.638551666666665,75.02229166666666,11,1.1,0.0,0.6747739367154079
1763844885.2404072,32.638551666666665,75.02229,11,1.1,0.15606016891827662,0.6751481884370454
1763844886.2364302,32.638551666666665,75.02229,11,1.1,0.0,0.6747739367154079
1763844887.464673,32.638551666666665,75.02229,11,1.1,0.0,0.6747739367154079
1763844888.240115,32.638551666666665,75.02229,11,1.1,0.0,0.6747739367154079
1763844889.2257924,32.638551666666665,75.02229,11,1.1,0.0,0.6747739367154079
1763844890.2408502,32.638551666666665,75.02228666666667,11,1.1,0.31212033783655324,0.6663159936831375
1763844891.2396057,32.638551666666665,75.022285,11,1.1,0.15606017024892566,0.6751481884370454
1763844892.2428892,32.638551666666665,75.022285,11,1.1,0.0,0.6747739367154079
1763844893.2791877,32.63855,75.02228333333333,11,1.1,0.2422810081554283,0.6680352494353129
1763844894.2748225,32.63855,75.02228,11,1.1,0.31212034498221203,0.6663159936831375
1763844895.2781193,32.63855,75.02227666666667,11,1.1,0.312120343651563,0.6663159936831375
1763844896.2862122,32.63855,75.02227666666667,11,1.1,0.0,0.6747739367154079
1763844897.232158,32.63855,75.02227666666667,11,1.1,0.0,0.6747739367154079
1763844898.2492537,32.63855,75.022275,11,1.1,0.15606017315643056,0.6751481884370454
1763844899.2366014,32.63855,75.02227166666667,11,1.1,0.312120343651563,0.6663159936831375
1763844900.250301,32.63855,75.02227166666667,11,1.1,0.0,0.6747739367154079
1763844901.2235703,32.63855,75.02227,11,1.1,0.1560601718257815,0.6751481884370454
1763844902.2666612,32.63855,75.02227,11,1.1,0.0,0.6747739367154079
1763844903.2366524,32.63855,75.02226833333333,11,1.1,0.15606017315643056,0.6751481884370454
1763844904.2255921,32.63855,75.02226833333333,11,1.1,0.0,0.6747739367154079
1763844905.2306368,32.63855,75.02226833333333,11,1.1,0.0,0.6747739367154079
1763844906.2427397,32.63855,75.02226833333333,11,1.1,0.0,0.6747739367154079
1763844907.2349768,32.63855,75.02226666666667,11,1.1,0.1560601718257815,0.6751481884370454
1763844908.2709455,32.63855,75.02226666666667,11,1.1,0.0,0.6747739367154079
1763844909.2684033,32.63855,75.02226666666667,11,1.1,0.0,0.6747739367154079
1763844910.2692146,32.63855,75.02226666666667,11,1.1,0.0,0.6747739367154079
1763844911.2949357,32.63855,75.02226666666667,11,1.1,0.0,0.6747739367154079
1763844912.2512264,32.63855,75.022265,11,1.1,0.1560601718257815,0.6751481884370454
1763844913.2472162,32.63855,75.022265,11,1.1,0.0,0.6747739367154079
1763844914.2241251,32.63855,75.022265,11,1.1,0.0,0.6747739367154079
1763844915.2211294,32.63855,75.022265,11,1.1,0.0,0.6747739367154079
1763844916.226693,32.63855,75.022265,11,1.1,0.0,0.6747739367154079
1763844917.2628117,32.63855,75.022265,11,1.1,0.0,0.6747739367154079
1763844918.2693627,32.63855,75.022265,11,1.1,0.0,0.6747739367154079
1763844919.2752995,32.63855,75.022265,11,1.1,0.0,0.6747739367154079
1763844920.2562416,32.63855,75.02226333333333,11,1.1,0.15606017315643056,0.6751481884370454
1763844921.2740731,32.63855,75.02226333333333,11,1.1,0.0,0.6747739367154079
1763844922.2751539,32.63855,75.02226333333333,11,1.1,0.0,0.6747739367154079
1763844923.273369,32.63855,75.02226333333333,11,1.1,0.0,0.6747739367154079
1763844924.2186143,32.63855,75.02226333333333,11,1.1,0.0,0.6747739367154079
1763844925.2486122,32.63855,75.02226333333333,11,1.1,0.0,0.6747739367154079
1763844926.267901,32.63855,75.02226333333333,11,1.1,0.0,0.6747739367154079
1763844927.2427998,32.63855,75.02226333333333,11,1.1,0.0,0.6747739367154079
1763844928.260541,32.63855,75.02226166666667,11,1.1,0.1560601718257815,0.6751481884370454
1763844929.2804334,32.63855,75.02226333333333,11,1.1,0.1560601718257815,0.6751481884370454
1763844930.2609212,32.63855,75.02226333333333,11,1.1,0.0,0.6747739367154079
1763844931.2426739,32.63855,75.02226333333333,11,1.1,0.0,0.6747739367154079
1763844932.2514274,32.63855,75.02226333333333,11,1.1,0.0,0.6747739367154079
1763844933.2506275,32.63855,75.02226333333333,11,1.1,0.0,0.6747739367154079
1763844934.259126,32.63855,75.022265,11,1.1,0.15606017315643056,0.6751481884370454
1763844935.2861414,32.63855,75.022265,11,1.1,0.0,0.6747739367154079
1763844936.267414,32.63855,75.022265,11,1.1,0.0,0.6747739367154079
1763844937.284644,32.63855,75.022265,11,1.1,0.0,0.6747739367154079
1763844938.2899778,32.63855,75.022265,11,1.1,0.0,0.6747739367154079
1763844939.2794006,32.63855,75.022265,11,1.1,0.0,0.6747739367154079
1763844940.2993777,32.63855,75.022265,11,1.1,0.0,0.6747739367154079
1763844941.2673025,32.63855,75.022265,11,1.1,0.0,0.6747739367154079
1763844942.2750595,32.63855,75.022265,11,1.1,0.0,0.6747739367154079
1763844943.2550402,32.63855,75.022265,11,1.1,0.0,0.6747739367154079
1763844944.2553282,32.63855,75.022265,11,1.1,0.0,0.6747739367154079
1763844945.2589095,32.63855,75.022265,11,1.1,0.0,0.6747739367154079
1763844946.2613907,32.63855,75.02226666666667,11,1.1,0.1560601718257815,0.6751481884370454
1763844947.257839,32.63855,75.02226666666667,11,1.1,0.0,0.6747739367154079
1763844948.2878978,32.63855,75.02226666666667,11,1.1,0.0,0.6747739367154079
1763844949.2895098,32.63855,75.02226666666667,11,1.1,0.0,0.6747739367154079
1763844950.2862282,32.63855,75.02226666666667,11,1.1,0.0,0.6747739367154079
1763844951.2912202,32.63855,75.02226666666667,11,1.1,0.0,0.6747739367154079
1763844952.2884185,32.63855,75.02226666666667,11,1.1,0.0,0.6747739367154079
1763844953.2893999,32.63855,75.02226833333333,11,1.1,0.1560601718257815,0.6751481884370454
1763844954.262554,32.63855,75.02226833333333,11,1.1,0.0,0.6747739367154079
1763844955.2266622,32.63855,75.02226833333333,11,1.1,0.0,0.6747739367154079
1763844956.2453656,32.63855,75.02226833333333,11,1.1,0.0,0.6747739367154079
1763844957.2437418,32.63855,75.02226833333333,11,1.1,0.0,0.6747739367154079
1763844958.2535777,32.63855,75.02226833333333,11,1.1,0.0,0.6747739367154079
1763844959.2512887,32.63855,75.02226833333333,11,1.1,0.0,0.6747739367154079
1763844960.2882876,32.63855,75.02227,11,1.1,0.15606017315643056,0.6751481884370454
1763844961.2813547,32.63855,75.02227,11,1.1,0.0,0.6747739367154079
1763844962.2609727,32.63855,75.02227,11,1.1,0.0,0.6747739367154079
1763844963.2683084,32.63855,75.02227,11,1.1,0.0,0.6747739367154079
1763844964.2673087,32.63855,75.02227,11,1.1,0.0,0.6747739367154079
1763844965.2686384,32.63855,75.02227,11,1.1,0.0,0.6747739367154079
1763844966.2896948,32.63855,75.02227,11,1.1,0.0,0.6747739367154079
1763844967.2889533,32.63855,75.02227,11,1.1,0.0,0.6747739367154079
1763844968.2784822,32.63855,75.02227166666667,11,1.1,0.1560601718257815,0.6751481884370454
1763844969.2735343,32.63855,75.02227166666667,11,1.1,0.0,0.6747739367154079
1763844970.275997,32.63855,75.02227166666667,11,1.1,0.0,0.6747739367154079
1763844971.2707157,32.63855,75.02227166666667,11,1.1,0.0,0.6747739367154079
1763844972.2426584,32.63855,75.02227166666667,11,1.1,0.0,0.6747739367154079
1763844973.2792277,32.63855,75.02227166666667,11,1.1,0.0,0.6747739367154079
1763844974.2391922,32.63855,75.02227166666667,11,1.1,0.0,0.6747739367154079
1763844975.239013,32.63855,75.02227333333333,11,1.1,0.1560601718257815,0.6751481884370454
1763844976.241368,32.63855,75.02227333333333,11,1.1,0.0,0.6747739367154079
1763844977.2713633,32.63855,75.02227333333333,11,1.1,0.0,0.6747739367154079
1763844978.2669,32.63855,75.02227333333333,11,1.1,0.0,0.6747739367154079
1763844979.2708626,32.63855,75.02227333333333,11,1.1,0.0,0.6747739367154079
1763844980.269282,32.63855,75.02227333333333,11,1.1,0.0,0.6747739367154079
1763844981.2512999,32.63855,75.02227333333333,11,1.1,0.0,0.6747739367154079
1763844982.2672632,32.638551666666665,75.022275,11,1.1,0.2422810081554283,0.6680352494353129
1763844983.2193651,32.638551666666665,75.022275,11,1.1,0.0,0.6747739367154079
1763844984.231512,32.638551666666665,75.022275,11,1.1,0.0,0.6747739367154079
1763844985.2306366,32.638551666666665,75.022275,11,1.1,0.0,0.6747739367154079
1763844986.2384171,32.638551666666665,75.022275,11,1.1,0.0,0.6747739367154079
1763844987.224149,32.638551666666665,75.022275,11,1.1,0.0,0.6747739367154079
1763844988.2689295,32.638551666666665,75.022275,11,1.1,0.0,0.6747739367154079
1763844989.2510521,32.638551666666665,75.022275,11,1.1,0.0,0.6747739367154079
1763844990.2416322,32.638551666666665,75.022275,11,1.1,0.0,0.6747739367154079
1763844991.2243745,32.638551666666665,75.022275,11,1.1,0.0,0.6747739367154079
1763844992.215212,32.638551666666665,75.022275,11,1.1,0.0,0.6747739367154079
1763844993.2145317,32.638551666666665,75.022275,11,1.1,0.0,0.6747739367154079
1763844994.2708776,32.638551666666665,75.022275,11,1.1,0.0,0.6747739367154079
1763844995.265411,32.638551666666665,75.022275,11,1.1,0.0,0.6747739367154079
1763844996.247665,32.638551666666665,75.02227666666667,11,1.1,0.15606017024892566,0.6751481884370454
1763844997.2338507,32.638551666666665,75.02227666666667,11,1.1,0.0,0.6747739367154079
1763844998.21431,32.638551666666665,75.02227666666667,11,1.1,0.0,0.6747739367154079
1763844999.2344549,32.638551666666665,75.02227666666667,11,1.1,0.0,0.6747739367154079
1763845000.229635,32.638551666666665,75.02227666666667,11,1.1,0.0,0.6747739367154079
1763845001.2711122,32.638551666666665,75.02227666666667,11,1.1,0.0,0.6747739367154079
1763845002.2306812,32.638551666666665,75.02227666666667,11,1.1,0.0,0.6747739367154079
1763845003.235266,32.638553333333334,75.02227666666667,11,1.1,0.18532487806311837,0.6729291167879379
1763845004.2112932,32.638553333333334,75.02227666666667,11,1.1,0.0,0.6747739367154079
1763845005.2151394,32.638553333333334,75.02227666666667,11,1.1,0.0,0.6747739367154079
1763845006.215558,32.638553333333334,75.02227833333333,11,1.1,0.15606016601077158,0.6751481884370454
1763845007.2425146,32.638553333333334,75.02227833333333,11,1.1,0.0,0.6747739367154079
1763845008.2462313,32.638553333333334,75.02227833333333,11,1.1,0.0,0.6747739367154079
1763845009.2175028,32.638553333333334,75.02227833333333,11,1.1,0.0,0.6747739367154079
1763845010.2180033,32.638553333333334,75.02227666666667,11,1.1,0.15606016601077158,0.6751481884370454
1763845011.2256188,32.638553333333334,75.02227666666667,11,1.1,0.0,0.6747739367154079
1763845012.2263227,32.638553333333334,75.02227666666667,11,1.1,0.0,0.6747739367154079
1763845013.199897,32.638553333333334,75.02227666666667,11,1.1,0.0,0.6747739367154079
1763845014.2273304,32.638553333333334,75.02227666666667,11,1.1,0.0,0.6747739367154079
1763845015.2288737,32.638553333333334,75.02227666666667,11,1.1,0.0,0.6747739367154079
1763845016.2297297,32.638553333333334,75.02227666666667,11,1.1,0.0,0.6747739367154079
1763845017.2651463,32.638553333333334,75.02227666666667,11,1.1,0.0,0.6747739367154079
1763845018.2342901,32.638553333333334,75.022275,11,1.1,0.1560601673414206,0.6751481884370454
1763845019.2329416,32.638553333333334,75.022275,11,1.1,0.0,0.6747739367154079
1763845020.2211132,32.638553333333334,75.022275,11,1.1,0.0,0.6747739367154079
1763845021.2016172,32.638553333333334,75.022275,11,1.1,0.0,0.6747739367154079
1763845022.228101,32.638553333333334,75.022275,11,1.1,0.0,0.6747739367154079
1763845023.238432,32.638553333333334,75.022275,11,1.1,0.0,0.6747739367154079
1763845024.255783,32.638553333333334,75.022275,11,1.1,0.0,0.6747739367154079
1763845025.2196407,32.638553333333334,75.022275,11,1.1,0.0,0.6747739367154079
1763845026.2141674,32.638553333333334,75.022275,11,1.1,0.0,0.6747739367154079
1763845027.2165372,32.638553333333334,75.022275,11,1.1,0.0,0.6747739367154079
1763845028.2191439,32.638553333333334,75.022275,11,1.1,0.0,0.6747739367154079
1763845029.234566,32.638553333333334,75.02227333333333,11,1.1,0.15606016601077158,0.6751481884370454
1763845030.2625816,32.638553333333334,75.022275,11,1.1,0.15606016601077158,0.6751481884370454
1763845031.2176907,32.638553333333334,75.022275,11,1.1,0.0,0.6747739367154079
1763845032.216577,32.638553333333334,75.022275,11,1.1,0.0,0.6747739367154079
1763845033.2193236,32.638553333333334,75.022275,11,1.1,0.0,0.6747739367154079
1763845034.2223098,32.638553333333334,75.022275,11,1.1,0.0,0.6747739367154079
1763845035.216514,32.638553333333334,75.022275,11,1.1,0.0,0.6747739367154079
1763845036.2467685,32.638553333333334,75.022275,11,1.1,0.0,0.6747739367154079
1763845037.2421095,32.638553333333334,75.022275,11,1.1,0.0,0.6747739367154079
1763845038.2124035,32.638553333333334,75.02227666666667,11,1.1,0.1560601673414206,0.6751481884370454
1763845039.227071,32.638553333333334,75.02227666666667,11,1.1,0.0,0.6747739367154079
1763845040.22481,32.638553333333334,75.02227666666667,11,1.1,0.0,0.6747739367154079
1763845041.237361,32.638553333333334,75.02227666666667,11,1.1,0.0,0.6747739367154079
1763845042.2106037,32.638553333333334,75.02227666666667,11,1.1,0.0,0.6747739367154079
1763845043.244721,32.638553333333334,75.02227666666667,11,1.1,0.0,0.6747739367154079
