timestamp,lat,lon,sats,hdop,jump,vibration,anfis,fuzzy,final,label
2025-11-26 22:36:20,32.638621666666666,75.02224166666667,12,3.5,0.0,0.0,0.342135174629285,0,0.342135174629285,JAMMED/WEAK
2025-11-26 22:36:21,32.638621666666666,75.02224166666667,12,3.5,0.0,0.0,0.687902026837206,0,0.687902026837206,GOOD
2025-11-26 22:36:22,32.638621666666666,75.02224166666667,12,3.5,0.0,0.0,0.324893082283069,0,0.324893082283069,SPOOFED
2025-11-26 22:36:23,32.638621666666666,75.02224166666667,12,3.5,0.0,0.0,0.038439333475791204,0.5957704064153205,0.5957704064153205,JAMMED/WEAK
2025-11-26 22:36:24,32.638621666666666,75.02224166666667,12,3.5,0.0,0.0,0.7153815615147835,0,0.7153815615147835,GOOD
2025-11-26 22:36:25,32.638621666666666,75.02224166666667,12,3.5,0.0,0.0,0.8943984218297113,0,0.8943984218297113,GOOD
2025-11-26 22:36:26,32.638621666666666,75.02224333333334,12,3.5,0.1849999995329199,0.01849999995329199,0.016172660145667428,0.03261275402286412,0.03261275402286412,SPOOFED
2025-11-26 22:36:27,32.638621666666666,75.02224333333334,12,3.5,0.0,0.01664999995796279,0.10971828122252025,0,0.10971828122252025,SPOOFED
2025-11-26 22:36:28,32.63862,75.02224333333334,12,3.5,0.1849999995329199,0.0334849999154585,0.5837415195490037,0,0.5837415195490037,JAMMED/WEAK
2025-11-26 22:36:29,32.63862,75.02224333333334,12,3.5,0.0,0.030136499923912652,0.7047400757390051,0,0.7047400757390051,GOOD
2025-11-26 22:36:30,32.63862,75.02224333333334,12,3.5,0.0,0.02712284993152139,0.9575892437923039,0,0.9575892437923039,GOOD
2025-11-26 22:36:31,32.63862,75.02224333333334,12,3.5,0.0,0.02441056493836925,0.12891685993080138,0,0.12891685993080138,SPOOFED
2025-11-26 22:36:32,32.63862,75.02224333333334,12,3.5,0.0,0.021969508444532326,0.729400986325985,0,0.729400986325985,GOOD
2025-11-26 22:36:33,32.63862,75.02224333333334,12,3.5,0.0,0.019772557600079094,0.28272587706092767,0,0.28272587706092767,SPOOFED
2025-11-26 22:36:34,32.63862,75.02224333333334,12,3.5,0.0,0.017795301840071186,0.375681624372297,0,0.375681624372297,JAMMED/WEAK
2025-11-26 22:36:35,32.63862,75.02224333333334,12,3.5,0.0,0.01601577165606407,0.3911812496458751,0,0.3911812496458751,JAMMED/WEAK
2025-11-26 22:36:36,32.63862,75.02224333333334,12,3.5,0.0,0.014414194490457662,0.37553170646509226,0,0.37553170646509226,JAMMED/WEAK
2025-11-26 22:36:37,32.63862,75.022245,12,3.5,0.1849999995329199,0.031472774994703884,0.4490727254003253,0,0.4490727254003253,JAMMED/WEAK
2025-11-26 22:36:38,32.63862,75.02224333333334,12,3.5,0.1849999995329199,0.04682549744852549,0.5682938298885187,0,0.5682938298885187,JAMMED/WEAK
2025-11-26 22:36:39,32.63862,75.022245,12,3.5,0.1849999995329199,0.06064294765696493,0.7439161157378366,0,0.7439161157378366,GOOD
2025-11-26 22:36:40,32.63862,75.022245,12,3.5,0.0,0.05457865289126844,0.007465309850305246,0.21622805802113476,0.21622805802113476,SPOOFED
2025-11-26 22:36:41,32.63862,75.022245,12,3.5,0.0,0.0491207876021416,0.37359315575481433,0,0.37359315575481433,JAMMED/WEAK
2025-11-26 22:36:42,32.63862,75.02224666666666,12,3.5,0.1849999995329199,0.06270870879521943,0.3370591308458173,0,0.3370591308458173,SPOOFED
2025-11-26 22:36:43,32.63862,75.02224666666666,12,3.5,0.0,0.056437837915697495,0.11399241815615135,0,0.11399241815615135,SPOOFED
2025-11-26 22:36:44,32.63862,75.02224666666666,12,3.5,0.0,0.05079405412412775,0.22634937835763824,0,0.22634937835763824,SPOOFED
2025-11-26 22:36:45,32.63861833333333,75.02224833333334,12,3.5,0.2616295100515621,0.07187759971687119,0.94023580978942,0,0.94023580978942,GOOD
2025-11-26 22:36:46,32.63861833333333,75.02224833333334,12,3.5,0.0,0.06468983974518407,0.39236208088858704,0,0.39236208088858704,JAMMED/WEAK
2025-11-26 22:36:47,32.63861833333333,75.02225,12,3.5,0.1849999995329199,0.07672085572395765,0.41133899315881306,0,0.41133899315881306,JAMMED/WEAK
2025-11-26 22:36:48,32.63861833333333,75.02225166666666,12,3.5,0.1849999995329199,0.08754877010485387,0.9604096711869071,0,0.9604096711869071,GOOD
2025-11-26 22:36:49,32.63861833333333,75.02225333333334,12,3.5,0.18500000111032477,0.09729389320540097,0.684572293500013,0,0.684572293500013,GOOD
2025-11-26 22:36:50,32.63861833333333,75.02225333333334,12,3.5,0.0,0.08756450388486087,0.29319993721481497,0,0.29319993721481497,SPOOFED
2025-11-26 22:36:51,32.63861833333333,75.022255,12,3.5,0.1849999995329199,0.09730805344966677,0.790490301898614,0,0.790490301898614,GOOD
2025-11-26 22:36:52,32.63861833333333,75.02225666666666,12,3.5,0.1849999995329199,0.10607724805799208,0.19515749424431983,0,0.19515749424431983,SPOOFED
2025-11-26 22:36:53,32.63861833333333,75.02225666666666,12,3.5,0.0,0.09546952325219288,0.15877627044404163,0,0.15877627044404163,SPOOFED
2025-11-26 22:36:54,32.63861833333333,75.02225666666666,12,3.5,0.0,0.0859225709269736,0.5341775025993029,0,0.5341775025993029,JAMMED/WEAK
2025-11-26 22:36:55,32.63861833333333,75.02225833333334,12,3.5,0.18500000111032477,0.09583031394530872,0.255681467559446,0,0.255681467559446,SPOOFED
2025-11-26 22:36:56,32.63861833333333,75.02225833333334,12,3.5,0.0,0.08624728255077785,0.04177793532621543,0.6060696837656379,0.6060696837656379,JAMMED/WEAK
2025-11-26 22:36:57,32.63861833333333,75.02225833333334,12,3.5,0.0,0.07762255429570007,0.7952109347484718,0,0.7952109347484718,GOOD
2025-11-26 22:36:58,32.63861833333333,75.02226,12,3.5,0.1849999995329199,0.08836029881942206,0.40795923252447786,0,0.40795923252447786,JAMMED/WEAK
2025-11-26 22:36:59,32.63862,75.02226,12,3.5,0.18500000032162234,0.09802426896964209,0.802405366828629,0,0.802405366828629,GOOD
2025-11-26 22:37:00,32.63862,75.02226,12,3.5,0.0,0.08822184207267789,0.9821577194665831,0,0.9821577194665831,GOOD
2025-11-26 22:37:01,32.63862,75.02226,12,3.5,0.0,0.0793996578654101,0.3724897206507297,0,0.3724897206507297,JAMMED/WEAK
2025-11-26 22:37:02,32.63862,75.02226166666667,12,3.5,0.1849999995329199,0.08995969203216109,0.0033580403122648317,0.416802537257732,0.416802537257732,JAMMED/WEAK
2025-11-26 22:37:03,32.63862,75.02226166666667,12,3.5,0.0,0.08096372282894498,0.2966498837033964,0,0.2966498837033964,SPOOFED
2025-11-26 22:37:04,32.63862,75.02226166666667,12,3.5,0.0,0.0728673505460505,0.43291669390251775,0,0.43291669390251775,JAMMED/WEAK
2025-11-26 22:37:05,32.63862,75.02226166666667,12,3.5,0.0,0.06558061549144545,0.2767247975127408,0,0.2767247975127408,SPOOFED
2025-11-26 22:37:06,32.63862,75.02226166666667,12,3.5,0.0,0.0590225539423009,0.3617628901244476,0,0.3617628901244476,JAMMED/WEAK
2025-11-26 22:37:07,32.63862,75.02226166666667,12,3.5,0.0,0.053120298548070814,0.0696527178098092,0,0.0696527178098092,SPOOFED
2025-11-26 22:37:08,32.63862,75.02226166666667,12,3.5,0.0,0.04780826869326373,0.24467316505705983,0,0.24467316505705983,SPOOFED
2025-11-26 22:37:09,32.63862,75.02226166666667,12,3.5,0.0,0.04302744182393736,0.6419235237916875,0,0.6419235237916875,JAMMED/WEAK
2025-11-26 22:37:10,32.63862,75.02226166666667,12,3.5,0.0,0.038724697641543626,0.26255507158990743,0,0.26255507158990743,SPOOFED
2025-11-26 22:37:11,32.63862,75.02226166666667,12,3.5,0.0,0.034852227877389265,0.17906523457536327,0,0.17906523457536327,SPOOFED
2025-11-26 22:37:12,32.63862,75.02226166666667,12,3.5,0.0,0.03136700508965034,0.9835870484438846,0,0.9835870484438846,GOOD
2025-11-26 22:37:13,32.63862,75.02226166666667,12,3.5,0.0,0.028230304580685307,0.43047000521933876,0,0.43047000521933876,JAMMED/WEAK
2025-11-26 22:37:14,32.63862,75.02226166666667,12,3.5,0.0,0.025407274122616775,0.27343365532006314,0,0.27343365532006314,SPOOFED
2025-11-26 22:37:15,32.63862,75.02226166666667,12,3.5,0.0,0.0228665467103551,0.03455160169372462,0.075994521986127,0.075994521986127,SPOOFED
2025-11-26 22:37:16,32.63862,75.02226166666667,12,3.5,0.0,0.020579892039319588,0.22026607746502525,0,0.22026607746502525,SPOOFED
2025-11-26 22:37:17,32.63862,75.02226166666667,12,3.5,0.0,0.01852190283538763,0.3257885272523592,0,0.3257885272523592,SPOOFED
2025-11-26 22:37:18,32.63862,75.02226166666667,12,3.5,0.0,0.01666971255184887,0.3235411197415846,0,0.3235411197415846,SPOOFED
2025-11-26 22:37:19,32.63862,75.02226166666667,12,3.5,0.0,0.015002741296663982,0.24509830692245915,0,0.24509830692245915,SPOOFED
2025-11-26 22:37:20,32.63862,75.02226166666667,12,3.5,0.0,0.013502467166997583,0.785652998184621,0,0.785652998184621,GOOD
2025-11-26 22:37:21,32.63862,75.02226333333333,12,3.5,0.1849999995329199,0.030652220403589815,0.7651031071612984,0,0.7651031071612984,GOOD
2025-11-26 22:37:22,32.63862,75.02226333333333,12,3.5,0.0,0.027586998363230836,0.856074678825216,0,0.856074678825216,GOOD
2025-11-26 22:37:23,32.63862,75.022265,12,3.5,0.18500000111032477,0.04332829863794023,0.2104318039218076,0,0.2104318039218076,SPOOFED
2025-11-26 22:37:24,32.63862,75.02226666666667,12,3.5,0.1849999995329199,0.0574954687274382,0.17281985809777034,0,0.17281985809777034,SPOOFED
2025-11-26 22:37:25,32.63862,75.02226833333333,12,3.5,0.1849999995329199,0.07024592180798638,0.9557680020898315,0,0.9557680020898315,GOOD
2025-11-26 22:37:26,32.63862,75.02226833333333,12,3.5,0.0,0.06322132962718774,0.13802455692582882,0,0.13802455692582882,SPOOFED
2025-11-26 22:37:27,32.63862,75.02226833333333,12,3.5,0.0,0.056899196664468965,0.42916894806149697,0,0.42916894806149697,JAMMED/WEAK
2025-11-26 22:37:28,32.63862,75.02226833333333,12,3.5,0.0,0.05120927699802207,0.7059565201114596,0,0.7059565201114596,GOOD
2025-11-26 22:37:29,32.63862,75.02226833333333,12,3.4,0.0,0.046088349298219866,0.29157989953850383,0,0.29157989953850383,SPOOFED
2025-11-26 22:37:30,32.63862,75.02226833333333,12,3.4,0.0,0.041479514368397884,0.48332721108508914,0,0.48332721108508914,JAMMED/WEAK
2025-11-26 22:37:31,32.63862,75.02227,12,3.4,0.18500000111032477,0.05583156304259057,0.39854642271897267,0,0.39854642271897267,JAMMED/WEAK
2025-11-26 22:37:32,32.63862,75.02227,12,3.4,0.0,0.050248406738331516,0.29872123143050366,0,0.29872123143050366,SPOOFED
2025-11-26 22:37:33,32.63862,75.02227,12,3.4,0.0,0.045223566064498365,0.08806118955948772,0,0.08806118955948772,SPOOFED
2025-11-26 22:37:34,32.63862,75.02227,12,3.4,0.0,0.04070120945804853,0.12432199958830148,0,0.12432199958830148,SPOOFED
2025-11-26 22:37:35,32.63862,75.02227,12,3.4,0.0,0.03663108851224368,0.1288672519309193,0,0.1288672519309193,SPOOFED
2025-11-26 22:37:36,32.638621666666666,75.02227,12,3.4,0.1849999995329199,0.0514679796143113,0.2755688258458153,0,0.2755688258458153,SPOOFED
2025-11-26 22:37:37,32.638621666666666,75.02227,12,3.4,0.0,0.04632118165288017,0.3312066191705011,0,0.3312066191705011,SPOOFED
2025-11-26 22:37:38,32.638621666666666,75.02227,12,3.4,0.0,0.04168906348759215,0.09906626341760405,0,0.09906626341760405,SPOOFED
2025-11-26 22:37:39,32.638621666666666,75.02227,12,3.4,0.0,0.03752015713883294,0.7157954151767537,0,0.7157954151767537,GOOD
2025-11-26 22:37:40,32.638621666666666,75.02227166666667,12,3.4,0.1849999995329199,0.052268141378241637,0.8487078344906777,0,0.8487078344906777,GOOD
2025-11-26 22:37:41,32.638621666666666,75.02227166666667,12,3.4,0.0,0.04704132724041747,0.21612313361422264,0,0.21612313361422264,SPOOFED
2025-11-26 22:37:42,32.638621666666666,75.02227166666667,12,3.4,0.0,0.04233719451637573,0.2454662464989784,0,0.2454662464989784,SPOOFED
2025-11-26 22:37:43,32.638621666666666,75.02227166666667,12,3.4,0.0,0.03810347506473816,0.26722977449310914,0,0.26722977449310914,SPOOFED
2025-11-26 22:37:44,32.638621666666666,75.02227166666667,12,3.4,0.0,0.034293127558264344,0.5221178630623806,0,0.5221178630623806,JAMMED/WEAK
2025-11-26 22:37:45,32.638621666666666,75.02227166666667,12,3.4,0.0,0.03086381480243791,0.6461784741570265,0,0.6461784741570265,JAMMED/WEAK
2025-11-26 22:37:46,32.638621666666666,75.02227333333333,12,3.4,0.1849999995329199,0.04627743327548611,0.09694786909446518,0,0.09694786909446518,SPOOFED
2025-11-26 22:37:47,32.638621666666666,75.02227333333333,12,3.4,0.0,0.0416496899479375,0.5033748159906202,0,0.5033748159906202,JAMMED/WEAK
2025-11-26 22:37:48,32.638621666666666,75.02227333333333,12,3.4,0.0,0.03748472095314375,0.5553407614245571,0,0.5553407614245571,JAMMED/WEAK
2025-11-26 22:37:49,32.638621666666666,75.02227333333333,12,3.4,0.0,0.03373624885782937,0.48571544836178215,0,0.48571544836178215,JAMMED/WEAK
2025-11-26 22:37:50,32.638621666666666,75.02227333333333,12,3.4,0.0,0.030362623972046438,0.6410980886815604,0,0.6410980886815604,JAMMED/WEAK
2025-11-26 22:37:51,32.638621666666666,75.02227333333333,12,3.4,0.0,0.027326361574841796,0.8727897616552598,0,0.8727897616552598,GOOD
2025-11-26 22:37:52,32.638621666666666,75.02227333333333,12,3.4,0.0,0.024593725417357618,0.2402439764815738,0,0.2402439764815738,SPOOFED
2025-11-26 22:37:53,32.638621666666666,75.02227333333333,12,3.4,0.0,0.022134352875621856,0.6247151239155921,0,0.6247151239155921,JAMMED/WEAK
2025-11-26 22:37:54,32.638621666666666,75.02227333333333,12,3.4,0.0,0.01992091758805967,0.28121402727842804,0,0.28121402727842804,SPOOFED
2025-11-26 22:37:55,32.638621666666666,75.02227333333333,12,3.4,0.0,0.017928825829253703,0.0324318849035532,0.8452732317866077,0.8452732317866077,GOOD
2025-11-26 22:37:56,32.638621666666666,75.02227333333333,12,3.4,0.0,0.016135943246328333,0.5689041555954817,0,0.5689041555954817,JAMMED/WEAK
2025-11-26 22:37:57,32.638621666666666,75.02227333333333,12,3.4,0.0,0.0145223489216955,0.6739164743820467,0,0.6739164743820467,GOOD
2025-11-26 22:37:58,32.638621666666666,75.02227333333333,12,3.4,0.0,0.01307011402952595,0.626192700300535,0,0.626192700300535,JAMMED/WEAK
2025-11-26 22:37:59,32.638621666666666,75.02227333333333,12,3.4,0.0,0.011763102626573355,0.8883269911526924,0,0.8883269911526924,GOOD
2025-11-26 22:38:00,32.638621666666666,75.02227333333333,12,3.4,0.0,0.01058679236391602,0.8007657222807794,0,0.8007657222807794,GOOD
2025-11-26 22:38:01,32.638621666666666,75.02227333333333,12,3.4,0.0,0.009528113127524418,0.07897149995668873,0,0.07897149995668873,SPOOFED
2025-11-26 22:38:02,32.638621666666666,75.02227333333333,12,3.4,0.0,0.008575301814771976,0.6405038798077344,0,0.6405038798077344,JAMMED/WEAK
2025-11-26 22:38:03,32.638621666666666,75.02227333333333,12,3.4,0.0,0.007717771633294779,0.253645741678594,0,0.253645741678594,SPOOFED
2025-11-26 22:38:04,32.63862,75.02227166666667,12,3.4,0.26162950837847154,0.03310894530781246,0.3369866464324056,0,0.3369866464324056,SPOOFED
2025-11-26 22:38:05,32.63862,75.02227166666667,12,3.4,0.0,0.029798050777031213,0.6881350682905076,0,0.6881350682905076,GOOD
2025-11-26 22:38:06,32.63862,75.02227,12,3.4,0.1849999995329199,0.04531824565262008,0.09354439052091679,0,0.09354439052091679,SPOOFED
2025-11-26 22:38:07,32.63862,75.02227,12,3.4,0.0,0.040786421087358075,0.3059445480395341,0,0.3059445480395341,SPOOFED
2025-11-26 22:38:08,32.63862,75.02227,12,3.4,0.0,0.03670777897862227,0.28455812979130113,0,0.28455812979130113,SPOOFED
2025-11-26 22:38:09,32.63862,75.02227,12,3.4,0.0,0.03303700108076004,0.6164310693777105,0,0.6164310693777105,JAMMED/WEAK
2025-11-26 22:38:10,32.63862,75.02226833333333,12,3.4,0.18500000111032477,0.04823330108371651,0.4989175471587287,0,0.4989175471587287,JAMMED/WEAK
2025-11-26 22:38:11,32.63862,75.02226833333333,12,3.4,0.0,0.04340997097534486,0.06746014587470417,0,0.06746014587470417,SPOOFED
2025-11-26 22:38:12,32.63862,75.02226833333333,12,3.4,0.0,0.03906897387781037,0.15663715245125398,0,0.15663715245125398,SPOOFED
2025-11-26 22:38:13,32.63862,75.02226666666667,12,3.4,0.1849999995329199,0.05366207644332133,0.4215638531713135,0,0.4215638531713135,JAMMED/WEAK
2025-11-26 22:38:14,32.63862,75.02226666666667,12,3.4,0.0,0.04829586879898919,0.6615143689309002,0,0.6615143689309002,JAMMED/WEAK
2025-11-26 22:38:15,32.63862,75.02226666666667,12,3.4,0.0,0.04346628191909027,0.6035653266108217,0,0.6035653266108217,JAMMED/WEAK
2025-11-26 22:38:16,32.63862,75.02226666666667,12,3.4,0.0,0.03911965372718124,0.09973342078289249,0,0.09973342078289249,SPOOFED
2025-11-26 22:38:17,32.63862,75.02226666666667,12,3.4,0.0,0.03520768835446312,0.7433844710709776,0,0.7433844710709776,GOOD
2025-11-26 22:38:18,32.63862,75.02226833333333,12,3.4,0.1849999995329199,0.0501869194723088,0.3188132249834569,0,0.3188132249834569,SPOOFED
2025-11-26 22:38:19,32.63862,75.02226833333333,12,3.4,0.0,0.045168227525077924,0.5961168295891532,0,0.5961168295891532,JAMMED/WEAK
2025-11-26 22:38:20,32.63862,75.02226833333333,12,3.4,0.0,0.040651404772570135,0.1419897592775914,0,0.1419897592775914,SPOOFED
2025-11-26 22:38:21,32.63862,75.02226833333333,12,3.4,0.0,0.03658626429531312,0.26969180781235036,0,0.26969180781235036,SPOOFED
2025-11-26 22:38:22,32.63862,75.02227,12,3.4,0.18500000111032477,0.05142763797681429,0.6994915532549235,0,0.6994915532549235,GOOD
2025-11-26 22:38:23,32.63862,75.02227,12,3.4,0.0,0.04628487417913286,0.7615463034301008,0,0.7615463034301008,GOOD
2025-11-26 22:38:24,32.63862,75.02227,12,3.4,0.0,0.04165638676121957,0.2965456341267637,0,0.2965456341267637,SPOOFED
2025-11-26 22:38:25,32.63862,75.02227,12,3.4,0.0,0.037490748085097614,0.145526944004854,0,0.145526944004854,SPOOFED
2025-11-26 22:38:26,32.63862,75.02227166666667,12,3.4,0.1849999995329199,0.05224167322987985,0.022322278378723137,0.30176450589605075,0.30176450589605075,SPOOFED
2025-11-26 22:38:27,32.63862,75.02227166666667,12,3.4,0.0,0.04701750590689186,0.14457173299851522,0,0.14457173299851522,SPOOFED
2025-11-26 22:38:28,32.63862,75.02227166666667,12,3.4,0.0,0.04231575531620268,0.9464073271752149,0,0.9464073271752149,GOOD
2025-11-26 22:38:29,32.63862,75.02227333333333,12,3.4,0.1849999995329199,0.0565841797378744,0.6162625319304887,0,0.6162625319304887,JAMMED/WEAK
2025-11-26 22:38:30,32.63862,75.02227333333333,12,3.4,0.0,0.05092576176408696,0.8340639074758884,0,0.8340639074758884,GOOD
2025-11-26 22:38:31,32.63862,75.02227333333333,12,3.4,0.0,0.045833185587678266,0.9178276687116721,0,0.9178276687116721,GOOD
2025-11-26 22:38:32,32.63862,75.02227333333333,12,3.4,0.0,0.04124986702891044,0.5495614291536282,0,0.5495614291536282,JAMMED/WEAK
2025-11-26 22:38:33,32.63862,75.022275,12,3.4,0.1849999995329199,0.05562488027931139,0.1282831337772482,0,0.1282831337772482,SPOOFED
2025-11-26 22:38:34,32.63862,75.022275,12,3.4,0.0,0.05006239225138025,0.558374404191545,0,0.558374404191545,JAMMED/WEAK
2025-11-26 22:38:35,32.63862,75.022275,12,3.4,0.0,0.045056153026242225,0.9791087297463187,0,0.9791087297463187,GOOD
2025-11-26 22:38:36,32.63862,75.022275,12,3.4,0.0,0.040550537723618,0.4477925322255273,0,0.4477925322255273,JAMMED/WEAK
2025-11-26 22:38:37,32.63862,75.022275,12,3.4,0.0,0.0364954839512562,0.14418311865980415,0,0.14418311865980415,SPOOFED
2025-11-26 22:38:38,32.63862,75.022275,12,3.4,0.0,0.03284593555613058,0.8436723838771525,0,0.8436723838771525,GOOD
2025-11-26 22:38:39,32.63862,75.022275,12,3.4,0.0,0.02956134200051752,0.8951974485862724,0,0.8951974485862724,GOOD
2025-11-26 22:38:40,32.63862,75.022275,12,3.4,0.0,0.02660520780046577,0.33352053331435216,0,0.33352053331435216,SPOOFED
2025-11-26 22:38:41,32.63862,75.02227666666667,12,3.4,0.18500000111032477,0.04244468713145167,0.4421967252453083,0,0.4421967252453083,JAMMED/WEAK
2025-11-26 22:38:42,32.63862,75.02227666666667,12,3.4,0.0,0.0382002184183065,0.9607540133011462,0,0.9607540133011462,GOOD
2025-11-26 22:38:43,32.63862,75.02227666666667,12,3.4,0.0,0.034380196576475855,0.908197413868847,0,0.908197413868847,GOOD
2025-11-26 22:38:44,32.63862,75.022275,12,3.4,0.18500000111032477,0.04944217702986074,0.04091818724990426,0.6681346407620516,0.6681346407620516,JAMMED/WEAK
2025-11-26 22:38:45,32.63862,75.022275,12,3.4,0.0,0.04449795932687467,0.5255675542896714,0,0.5255675542896714,JAMMED/WEAK
2025-11-26 22:38:46,32.63862,75.022275,12,3.4,0.0,0.0400481633941872,0.5654550035036461,0,0.5654550035036461,JAMMED/WEAK
2025-11-26 22:38:47,32.63862,75.022275,12,3.4,0.0,0.036043347054768485,0.9181237033842071,0,0.9181237033842071,GOOD
2025-11-26 22:38:48,32.63862,75.022275,12,3.4,0.0,0.03243901234929164,0.46726802321282535,0,0.46726802321282535,JAMMED/WEAK
2025-11-26 22:38:49,32.63862,75.022275,12,3.4,0.0,0.029195111114362477,0.50057287116861,0,0.50057287116861,JAMMED/WEAK
2025-11-26 22:38:50,32.63862,75.022275,12,3.4,0.0,0.02627560000292623,0.22899638727831362,0,0.22899638727831362,SPOOFED
2025-11-26 22:38:51,32.63862,75.022275,12,3.4,0.0,0.023648040002633607,0.13414642319589842,0,0.13414642319589842,SPOOFED
2025-11-26 22:38:52,32.63862,75.022275,12,3.4,0.0,0.021283236002370247,0.8296497093458715,0,0.8296497093458715,GOOD
2025-11-26 22:38:53,32.63862,75.022275,12,3.4,0.0,0.019154912402133222,0.5063037817901146,0,0.5063037817901146,JAMMED/WEAK
2025-11-26 22:38:54,32.63862,75.022275,12,3.4,0.0,0.0172394211619199,0.7414327003066873,0,0.7414327003066873,GOOD
2025-11-26 22:38:55,32.63861833333333,75.022275,12,3.4,0.18500000032162234,0.03401547907789014,0.5319683549575293,0,0.5319683549575293,JAMMED/WEAK
2025-11-26 22:38:56,32.63861833333333,75.022275,12,3.4,0.0,0.030613931170101128,0.03156967271650368,0.7184282082022518,0.7184282082022518,GOOD
2025-11-26 22:38:57,32.63861833333333,75.02227333333333,12,3.4,0.1849999995329199,0.04605253800638301,0.1570008793832418,0,0.1570008793832418,SPOOFED
2025-11-26 22:38:58,32.63861833333333,75.02227333333333,12,3.4,0.0,0.04144728420574471,0.7475196953341743,0,0.7475196953341743,GOOD
2025-11-26 22:38:59,32.63861833333333,75.02227333333333,12,3.4,0.0,0.037302555785170236,0.8367305967775465,0,0.8367305967775465,GOOD
2025-11-26 22:39:00,32.63861833333333,75.02227333333333,12,3.4,0.0,0.033572300206653215,0.22242461418129578,0,0.22242461418129578,SPOOFED
2025-11-26 22:39:01,32.63861833333333,75.02227333333333,12,3.4,0.0,0.030215070185987895,0.1925410062702929,0,0.1925410062702929,SPOOFED
2025-11-26 22:39:02,32.63861833333333,75.02227333333333,12,3.4,0.0,0.027193563167389107,0.46771864360192383,0,0.46771864360192383,JAMMED/WEAK
2025-11-26 22:39:03,32.63861833333333,75.02227333333333,12,3.4,0.0,0.024474206850650198,0.3888097971918564,0,0.3888097971918564,JAMMED/WEAK
2025-11-26 22:39:04,32.63861833333333,75.02227333333333,12,3.4,0.0,0.022026786165585177,0.9740762727348811,0,0.9740762727348811,GOOD
2025-11-26 22:39:05,32.63861833333333,75.02227333333333,12,3.4,0.0,0.01982410754902666,0.13001256602240507,0,0.13001256602240507,SPOOFED
2025-11-26 22:39:06,32.63861833333333,75.02227333333333,12,3.4,0.0,0.017841696794123996,0.6680747902922597,0,0.6680747902922597,JAMMED/WEAK
2025-11-26 22:39:07,32.63861833333333,75.02227333333333,12,3.4,0.0,0.016057527114711596,0.2876012451443527,0,0.2876012451443527,SPOOFED
2025-11-26 22:39:08,32.63861833333333,75.02227333333333,12,3.4,0.0,0.014451774403240436,0.3451910940527263,0,0.3451910940527263,JAMMED/WEAK
2025-11-26 22:39:09,32.63861833333333,75.02227333333333,12,3.4,0.0,0.013006596962916393,0.4231102167997486,0,0.4231102167997486,JAMMED/WEAK
2025-11-26 22:39:10,32.63861833333333,75.02227333333333,12,3.4,0.0,0.011705937266624753,0.595253529827907,0,0.595253529827907,JAMMED/WEAK
2025-11-26 22:39:11,32.63861833333333,75.02227333333333,12,3.4,0.0,0.010535343539962279,0.9297154200105584,0,0.9297154200105584,GOOD
2025-11-26 22:39:12,32.63861833333333,75.02227333333333,12,3.4,0.0,0.00948180918596605,0.6137087464388279,0,0.6137087464388279,JAMMED/WEAK
2025-11-26 22:39:13,32.63861833333333,75.02227333333333,12,3.4,0.0,0.008533628267369446,0.8118090050839276,0,0.8118090050839276,GOOD
2025-11-26 22:39:14,32.63861833333333,75.02227333333333,12,3.4,0.0,0.007680265440632501,0.5995494967508646,0,0.5995494967508646,JAMMED/WEAK
2025-11-26 22:39:15,32.63861833333333,75.02227333333333,12,3.4,0.0,0.006912238896569251,0.23409995249694093,0,0.23409995249694093,SPOOFED
2025-11-26 22:39:16,32.63861833333333,75.02227333333333,12,3.4,0.0,0.0062210150069123265,0.5431305870920362,0,0.5431305870920362,JAMMED/WEAK
2025-11-26 22:39:17,32.63861833333333,75.02227333333333,12,3.4,0.0,0.005598913506221094,0.36412153983954443,0,0.36412153983954443,JAMMED/WEAK
2025-11-26 22:39:18,32.63861833333333,75.02227333333333,12,3.4,0.0,0.005039022155598985,0.42956325416202024,0,0.42956325416202024,JAMMED/WEAK
2025-11-26 22:39:19,32.63861833333333,75.02227333333333,12,3.4,0.0,0.004535119940039086,0.483488171873118,0,0.483488171873118,JAMMED/WEAK
2025-11-26 22:39:20,32.63861833333333,75.02227333333333,12,3.4,0.0,0.004081607946035177,0.13788136533922546,0,0.13788136533922546,SPOOFED
2025-11-26 22:39:21,32.63861833333333,75.02227333333333,12,3.4,0.0,0.0036734471514316596,0.4640965503466833,0,0.4640965503466833,JAMMED/WEAK
2025-11-26 22:39:22,32.63861833333333,75.02227333333333,12,3.4,0.0,0.0033061024362884936,0.8296696676346529,0,0.8296696676346529,GOOD
2025-11-26 22:39:23,32.63861833333333,75.02227333333333,12,3.4,0.0,0.0029754921926596445,0.6916115385323426,0,0.6916115385323426,GOOD
2025-11-26 22:39:24,32.63861833333333,75.02227333333333,12,3.4,0.0,0.00267794297339368,0.7897748502532805,0,0.7897748502532805,GOOD
2025-11-26 22:39:25,32.63861833333333,75.02227333333333,12,3.4,0.0,0.002410148676054312,0.41645770612202304,0,0.41645770612202304,JAMMED/WEAK
2025-11-26 22:39:26,32.63861833333333,75.02227333333333,12,3.4,0.0,0.002169133808448881,0.23279678516832603,0,0.23279678516832603,SPOOFED
2025-11-26 22:39:27,32.63861833333333,75.022275,12,3.4,0.1849999995329199,0.02045222038089598,0.49468815052796555,0,0.49468815052796555,JAMMED/WEAK
2025-11-26 22:39:28,32.63861833333333,75.022275,12,3.4,0.0,0.018406998342806385,0.6055488634006211,0,0.6055488634006211,JAMMED/WEAK
2025-11-26 22:39:29,32.63861833333333,75.022275,12,3.4,0.0,0.016566298508525746,0.01140702017543016,0.2443145283751208,0.2443145283751208,SPOOFED
2025-11-26 22:39:30,32.63861833333333,75.022275,12,3.4,0.0,0.014909668657673172,0.540743952555355,0,0.540743952555355,JAMMED/WEAK
2025-11-26 22:39:31,32.63861833333333,75.022275,12,3.4,0.0,0.013418701791905855,0.40933242200546205,0,0.40933242200546205,JAMMED/WEAK
2025-11-26 22:39:32,32.63861833333333,75.022275,12,3.4,0.0,0.01207683161271527,0.9147172911753351,0,0.9147172911753351,GOOD
2025-11-26 22:39:33,32.63861833333333,75.022275,12,3.4,0.0,0.010869148451443744,0.7013430676313401,0,0.7013430676313401,GOOD
2025-11-26 22:39:34,32.63861833333333,75.022275,12,3.4,0.0,0.00978223360629937,0.6754490169137175,0,0.6754490169137175,GOOD
2025-11-26 22:39:35,32.63861833333333,75.022275,12,3.4,0.0,0.008804010245669434,0.0063499748428723635,0.4934051571410879,0.4934051571410879,JAMMED/WEAK
2025-11-26 22:39:36,32.63861833333333,75.022275,12,3.4,0.0,0.00792360922110249,0.6199698183772988,0,0.6199698183772988,JAMMED/WEAK
2025-11-26 22:39:37,32.63861833333333,75.02227666666667,12,3.4,0.18500000111032477,0.025631248410024718,0.8580508799474018,0,0.8580508799474018,GOOD
2025-11-26 22:39:38,32.63861833333333,75.02227666666667,12,3.4,0.0,0.023068123569022245,0.3297377762759568,0,0.3297377762759568,SPOOFED
2025-11-26 22:39:39,32.63861833333333,75.022275,12,3.4,0.18500000111032477,0.0392613113231525,0.7184792518288666,0,0.7184792518288666,GOOD
2025-11-26 22:39:40,32.63861833333333,75.02227666666667,12,3.4,0.18500000111032477,0.05383518030186973,0.20998225671903215,0,0.20998225671903215,SPOOFED
2025-11-26 22:39:41,32.63861833333333,75.02227666666667,12,3.4,0.0,0.04845166227168275,0.5713969660848056,0,0.5713969660848056,JAMMED/WEAK
2025-11-26 22:39:42,32.63861833333333,75.02227666666667,12,3.4,0.0,0.04360649604451448,0.4281067061769812,0,0.4281067061769812,JAMMED/WEAK
2025-11-26 22:39:43,32.63861833333333,75.02227666666667,12,3.4,0.0,0.03924584644006303,0.09333274336377739,0,0.09333274336377739,SPOOFED
2025-11-26 22:39:44,32.63861833333333,75.02227666666667,12,3.4,0.0,0.03532126179605673,0.42816679458749296,0,0.42816679458749296,JAMMED/WEAK
2025-11-26 22:39:45,32.63861833333333,75.02227666666667,12,3.4,0.0,0.03178913561645105,0.7152499500872898,0,0.7152499500872898,GOOD
2025-11-26 22:39:46,32.63861833333333,75.02227666666667,12,3.4,0.0,0.02861022205480595,0.4239253809866841,0,0.4239253809866841,JAMMED/WEAK
2025-11-26 22:39:47,32.63861833333333,75.02227666666667,12,3.4,0.0,0.025749199849325353,0.6337955597236523,0,0.6337955597236523,JAMMED/WEAK
2025-11-26 22:39:48,32.63861833333333,75.022275,12,3.4,0.18500000111032477,0.0416742799754253,0.2272513208000395,0,0.2272513208000395,SPOOFED
2025-11-26 22:39:49,32.63861833333333,75.02227666666667,12,3.4,0.18500000111032477,0.056006852088915246,0.6374338060235861,0,0.6374338060235861,JAMMED/WEAK
2025-11-26 22:39:50,32.63861833333333,75.02227666666667,12,3.4,0.0,0.05040616688002372,0.4651267213808421,0,0.4651267213808421,JAMMED/WEAK
2025-11-26 22:39:51,32.63861833333333,75.02227666666667,12,3.4,0.0,0.045365550192021355,0.9172437886677999,0,0.9172437886677999,GOOD
2025-11-26 22:39:52,32.63861833333333,75.02227666666667,12,3.4,0.0,0.04082899517281922,0.7265131207756257,0,0.7265131207756257,GOOD
2025-11-26 22:39:53,32.63861833333333,75.02227666666667,12,3.4,0.0,0.0367460956555373,0.38606935034281586,0,0.38606935034281586,JAMMED/WEAK
2025-11-26 22:39:54,32.63861833333333,75.02227666666667,12,3.4,0.0,0.033071486089983566,0.12183198006454454,0,0.12183198006454454,SPOOFED
2025-11-26 22:39:55,32.63861833333333,75.02227666666667,12,3.4,0.0,0.029764337480985212,0.4817436004925605,0,0.4817436004925605,JAMMED/WEAK
2025-11-26 22:39:56,32.63861833333333,75.02227666666667,12,3.4,0.0,0.02678790373288669,0.07208734313713516,0,0.07208734313713516,SPOOFED
2025-11-26 22:39:57,32.63861833333333,75.02227666666667,12,3.4,0.0,0.024109113359598023,0.13585410408481036,0,0.13585410408481036,SPOOFED
2025-11-26 22:39:58,32.63861833333333,75.02227666666667,12,3.4,0.0,0.02169820202363822,0.9270002707087336,0,0.9270002707087336,GOOD
2025-11-26 22:39:59,32.638616666666664,75.022275,12,3.4,0.2616295100515621,0.045691332826430606,0.38110089848134354,0,0.38110089848134354,JAMMED/WEAK
2025-11-26 22:40:00,32.638616666666664,75.022275,12,3.4,0.0,0.04112219954378755,0.6384671260726781,0,0.6384671260726781,JAMMED/WEAK
                                                                                                                                                                                                                                                                                                                                                                                                                                                                                                                                                                                                                                                                                                                                                                                                                                                                                                                                                                                                                        2025-11-26 22:57:58,32.63855,75.02226333333333,11,3.3,0.0,0.0,0.8163826834133548,0,0.8163826834133548,GOOD
2025-11-26 22:57:59,32.63855,75.02226166666667,11,3.3,0.1849999995329199,0.01849999995329199,0.42511448095731275,0,0.42511448095731275,JAMMED/WEAK
2025-11-26 22:58:00,32.63855,75.02226166666667,11,3.3,0.0,0.01664999995796279,0.5737386383431519,0,0.5737386383431519,JAMMED/WEAK
2025-11-26 22:58:01,32.63855,75.02226,11,3.3,0.1849999995329199,0.0334849999154585,0.6000172299693043,0,0.6000172299693043,JAMMED/WEAK
2025-11-26 22:58:02,32.63855,75.02225833333334,11,3.3,0.1849999995329199,0.04863649987720464,0.8847600777355454,0,0.8847600777355454,GOOD
2025-11-26 22:58:03,32.63855,75.02225833333334,11,3.3,0.0,0.043772849889484176,0.27905040765408284,0,0.27905040765408284,SPOOFED
2025-11-26 22:58:04,32.63855,75.02225833333334,11,3.3,0.0,0.03939556490053576,0.7073073250201329,0,0.7073073250201329,GOOD
2025-11-26 22:58:05,32.638551666666665,75.02225666666666,11,3.3,0.2616295094938652,0.061618959359868705,0.3759265889799349,0,0.3759265889799349,JAMMED/WEAK
2025-11-26 22:58:06,32.638551666666665,75.022255,12,3.3,0.1849999995329199,0.07395706337717382,0.15624285847319108,0,0.15624285847319108,SPOOFED
2025-11-26 22:58:07,32.638551666666665,75.022255,12,3.3,0.0,0.06656135703945644,0.5658912173378523,0,0.5658912173378523,JAMMED/WEAK
2025-11-26 22:58:08,32.638551666666665,75.02225166666666,12,3.3,0.3700000006432447,0.09690522139983526,0.11373976910287054,0,0.11373976910287054,SPOOFED
2025-11-26 22:58:09,32.638551666666665,75.02225,12,3.3,0.1849999995329199,0.10571469921314373,0.4695801803443861,0,0.4695801803443861,JAMMED/WEAK
2025-11-26 22:58:10,32.638551666666665,75.02225,11,3.3,0.0,0.09514322929182936,0.9338844506369016,0,0.9338844506369016,GOOD
2025-11-26 22:58:11,32.638551666666665,75.02224833333334,11,3.3,0.1849999995329199,0.10412890631593842,0.796012894470173,0,0.796012894470173,GOOD
2025-11-26 22:58:12,32.638551666666665,75.022245,11,3.3,0.3700000006432447,0.13071601574866903,0.19949396541366093,0,0.19949396541366093,SPOOFED
2025-11-26 22:58:13,32.638551666666665,75.02224333333334,11,3.3,0.1849999995329199,0.1361444141270941,0.6501136863269155,0,0.6501136863269155,JAMMED/WEAK
2025-11-26 22:58:14,32.638551666666665,75.02224166666667,11,3.3,0.1849999995329199,0.1410299726676767,0.33102112453453403,0,0.33102112453453403,SPOOFED
2025-11-26 22:58:15,32.638551666666665,75.02224,11,3.3,0.18500000111032477,0.1454269755119415,0.14450710957386403,0,0.14450710957386403,SPOOFED
2025-11-26 22:58:16,32.638551666666665,75.02223833333333,10,3.4,0.1849999995329199,0.14938427791403935,0.3313485427710169,0,0.3313485427710169,SPOOFED
2025-11-26 22:58:17,32.638553333333334,75.02223666666667,10,3.4,0.2616295089361684,0.16060880101625227,0.40224583270060177,0,0.40224583270060177,JAMMED/WEAK
2025-11-26 22:58:18,32.638553333333334,75.022235,10,3.4,0.18500000111032477,0.16304792102565951,0.9686326605340025,0,0.9686326605340025,GOOD
2025-11-26 22:58:19,32.638553333333334,75.02223333333333,10,3.4,0.1849999995329199,0.16524312887638556,0.2613145270515711,0,0.2613145270515711,SPOOFED
2025-11-26 22:58:20,32.638553333333334,75.02223166666667,10,3.4,0.1849999995329199,0.167218815942039,0.5887131984331699,0,0.5887131984331699,JAMMED/WEAK
2025-11-26 22:58:21,32.638553333333334,75.02223166666667,10,3.4,0.0,0.1504969343478351,0.3612813201732894,0,0.3612813201732894,JAMMED/WEAK
2025-11-26 22:58:22,32.638553333333334,75.02223,10,3.4,0.18500000111032477,0.15394724102408405,0.6541437679239691,0,0.6541437679239691,JAMMED/WEAK
2025-11-26 22:58:23,32.638553333333334,75.02223,10,3.4,0.0,0.13855251692167564,0.04180603994967058,0.8535873704339116,0.8535873704339116,GOOD
2025-11-26 22:58:24,32.638553333333334,75.02222833333333,11,3.3,0.1849999995329199,0.14319726518280007,0.027566970947544567,0.7571186474367492,0.7571186474367492,GOOD
2025-11-26 22:58:25,32.638553333333334,75.02222666666667,11,3.3,0.1849999995329199,0.14737753861781205,0.3525360584206173,0,0.3525360584206173,JAMMED/WEAK
2025-11-26 22:58:26,32.638553333333334,75.022225,11,3.3,0.1849999995329199,0.15113978470932285,0.7261544061280559,0,0.7261544061280559,GOOD
2025-11-26 22:58:27,32.638555,75.022225,11,3.3,0.1849999995329199,0.15452580619168255,0.29258896340109386,0,0.29258896340109386,SPOOFED
2025-11-26 22:58:28,32.638555,75.02222166666667,11,3.3,0.3700000006432447,0.17607322563683878,0.12995531624171874,0,0.12995531624171874,SPOOFED
2025-11-26 22:58:29,32.638555,75.02222166666667,11,3.3,0.0,0.1584659030731549,0.7495002808409611,0,0.7495002808409611,GOOD
2025-11-26 22:58:30,32.638555,75.02222,11,3.3,0.1849999995329199,0.1611193127191314,0.4291286135554033,0,0.4291286135554033,JAMMED/WEAK
2025-11-26 22:58:31,32.638555,75.02221833333333,11,3.3,0.18500000111032477,0.16350738155825076,0.9724968788526857,0,0.9724968788526857,GOOD
2025-11-26 22:58:32,32.638555,75.02221833333333,12,3.3,0.0,0.14715664340242568,0.11371437666204376,0,0.11371437666204376,SPOOFED
2025-11-26 22:58:33,32.638555,75.02221666666667,12,3.3,0.1849999995329199,0.1509409790154751,0.6505683514861236,0,0.6505683514861236,JAMMED/WEAK
2025-11-26 22:58:34,32.638555,75.022215,12,3.3,0.1849999995329199,0.15434688106721958,0.7188897913055255,0,0.7188897913055255,GOOD
2025-11-26 22:58:35,32.638555,75.022215,12,3.3,0.0,0.13891219296049762,0.9207421356286943,0,0.9207421356286943,GOOD
2025-11-26 22:58:36,32.638555,75.02221333333334,12,3.3,0.1849999995329199,0.14352097361773986,0.38231285290544725,0,0.38231285290544725,JAMMED/WEAK
2025-11-26 22:58:37,32.638555,75.02221166666666,12,3.3,0.18500000111032477,0.14766887636699835,0.5136992592446307,0,0.5136992592446307,JAMMED/WEAK
2025-11-26 22:58:38,32.638555,75.02221,12,3.3,0.1849999995329199,0.1514019886835905,0.048741878302009045,0.5219410188877183,0.5219410188877183,JAMMED/WEAK
2025-11-26 22:58:39,32.638555,75.02221,11,3.3,0.0,0.13626178981523146,0.18898255834463096,0,0.18898255834463096,SPOOFED
2025-11-26 22:58:40,32.638555,75.02221,11,3.3,0.0,0.12263561083370832,0.8804096862362134,0,0.8804096862362134,GOOD
2025-11-26 22:58:41,32.638555,75.02220833333334,11,3.3,0.1849999995329199,0.12887204970362948,0.46358177821545743,0,0.46358177821545743,JAMMED/WEAK
2025-11-26 22:58:42,32.638555,75.02220833333334,11,3.3,0.0,0.11598484473326653,0.45566706951333513,0,0.45566706951333513,JAMMED/WEAK
2025-11-26 22:58:43,32.638555,75.02220833333334,11,3.3,0.0,0.10438636025993989,0.9829785742251922,0,0.9829785742251922,GOOD
2025-11-26 22:58:44,32.638555,75.02220666666666,11,3.3,0.18500000111032477,0.11244772434497838,0.3293030467824114,0,0.3293030467824114,SPOOFED
2025-11-26 22:58:45,32.638555,75.02220666666666,11,3.3,0.0,0.10120295191048054,0.06699916973107989,0,0.06699916973107989,SPOOFED
2025-11-26 22:58:46,32.638555,75.02220666666666,11,3.3,0.0,0.09108265671943248,0.1852243072887012,0,0.1852243072887012,SPOOFED
2025-11-26 22:58:47,32.638555,75.022205,11,3.3,0.1849999995329199,0.10047439100078123,0.6586161350330381,0,0.6586161350330381,JAMMED/WEAK
2025-11-26 22:58:48,32.638555,75.022205,11,3.3,0.0,0.09042695190070311,0.33565770751559676,0,0.33565770751559676,SPOOFED
2025-11-26 22:58:49,32.638555,75.022205,11,3.3,0.0,0.0813842567106328,0.8579641412732879,0,0.8579641412732879,GOOD
2025-11-26 22:58:50,32.638556666666666,75.022205,11,3.3,0.18500000032162234,0.09174583107173176,0.6907472005712803,0,0.6907472005712803,GOOD
2025-11-26 22:58:51,32.638556666666666,75.022205,11,3.3,0.0,0.08257124796455859,0.4243292276813764,0,0.4243292276813764,JAMMED/WEAK
2025-11-26 22:58:52,32.638556666666666,75.02220333333334,11,3.3,0.1849999995329199,0.09281412312139473,0.18227359429558632,0,0.18227359429558632,SPOOFED
2025-11-26 22:58:53,32.638556666666666,75.02220333333334,11,3.3,0.0,0.08353271080925526,0.6398571294260683,0,0.6398571294260683,JAMMED/WEAK
2025-11-26 22:58:54,32.638556666666666,75.02220333333334,11,3.3,0.0,0.07517943972832973,0.4629283003076857,0,0.4629283003076857,JAMMED/WEAK
2025-11-26 22:58:55,32.638556666666666,75.02220333333334,11,3.3,0.0,0.06766149575549676,0.30377685497985074,0,0.30377685497985074,SPOOFED
2025-11-26 22:58:56,32.638556666666666,75.02220333333334,11,3.3,0.0,0.06089534617994709,0.46821455665450906,0,0.46821455665450906,JAMMED/WEAK
2025-11-26 22:58:57,32.638556666666666,75.02220333333334,11,3.3,0.0,0.05480581156195238,0.5853486342256212,0,0.5853486342256212,JAMMED/WEAK
2025-11-26 22:58:58,32.638556666666666,75.02220333333334,11,3.3,0.0,0.04932523040575715,0.33641704577700104,0,0.33641704577700104,SPOOFED
2025-11-26 22:58:59,32.638556666666666,75.02220333333334,12,3.2,0.0,0.04439270736518144,0.8227018000985785,0,0.8227018000985785,GOOD
2025-11-26 22:59:00,32.638555,75.02220333333334,12,3.2,0.18500000032162234,0.05845343666082553,0.11036913642183399,0,0.11036913642183399,SPOOFED
2025-11-26 22:59:01,32.638555,75.02220333333334,12,3.2,0.0,0.05260809299474298,0.19587002107367402,0,0.19587002107367402,SPOOFED
2025-11-26 22:59:02,32.638555,75.02220333333334,12,3.2,0.0,0.04734728369526868,0.6335524310654356,0,0.6335524310654356,JAMMED/WEAK
2025-11-26 22:59:03,32.638555,75.02220333333334,12,3.2,0.0,0.04261255532574181,0.13862460344783722,0,0.13862460344783722,SPOOFED
2025-11-26 22:59:04,32.638555,75.022205,12,3.2,0.1849999995329199,0.056851299746459624,0.6572940060270052,0,0.6572940060270052,JAMMED/WEAK
2025-11-26 22:59:05,32.638555,75.022205,12,3.2,0.0,0.051166169771813666,0.38750576867625364,0,0.38750576867625364,JAMMED/WEAK
2025-11-26 22:59:06,32.638555,75.022205,12,3.2,0.0,0.0460495527946323,0.3588462708884165,0,0.3588462708884165,JAMMED/WEAK
2025-11-26 22:59:07,32.638555,75.022205,12,3.2,0.0,0.04144459751516907,0.21152765164092824,0,0.21152765164092824,SPOOFED
2025-11-26 22:59:08,32.638555,75.022205,12,3.2,0.0,0.03730013776365216,0.2767971745114215,0,0.2767971745114215,SPOOFED
2025-11-26 22:59:09,32.638555,75.02220166666666,12,3.2,0.3700000006432447,0.07057012405161142,0.7007772953852898,0,0.7007772953852898,GOOD
2025-11-26 22:59:10,32.638555,75.02220333333334,12,3.2,0.18500000111032477,0.08201311175748276,0.21332779883678754,0,0.21332779883678754,SPOOFED
2025-11-26 22:59:11,32.638553333333334,75.02220333333334,12,3.2,0.1849999995329199,0.09231180053502647,0.20821650611562081,0,0.20821650611562081,SPOOFED
2025-11-26 22:59:12,32.638553333333334,75.022205,12,3.2,0.1849999995329199,0.10158062043481582,0.5317752563796415,0,0.5317752563796415,JAMMED/WEAK
2025-11-26 22:59:13,32.638553333333334,75.022205,12,3.2,0.0,0.09142255839133424,0.41433231265087833,0,0.41433231265087833,JAMMED/WEAK
2025-11-26 22:59:14,32.638553333333334,75.022205,12,3.2,0.0,0.08228030255220083,0.9609347721592798,0,0.9609347721592798,GOOD
2025-11-26 22:59:15,32.638553333333334,75.022205,12,3.2,0.0,0.07405227229698075,0.6488734823153448,0,0.6488734823153448,JAMMED/WEAK
2025-11-26 22:59:16,32.638553333333334,75.02220666666666,12,3.2,0.1849999995329199,0.08514704502057467,0.05081083259929009,0,0.05081083259929009,SPOOFED
2025-11-26 22:59:17,32.638553333333334,75.02220666666666,12,3.2,0.0,0.07663234051851721,0.6062022285930443,0,0.6062022285930443,JAMMED/WEAK
2025-11-26 22:59:18,32.638553333333334,75.02220666666666,12,3.2,0.0,0.06896910646666549,0.6489214435997678,0,0.6489214435997678,JAMMED/WEAK
2025-11-26 22:59:19,32.638553333333334,75.02220666666666,12,3.2,0.0,0.06207219581999894,0.029595877877110155,0.33645343203774003,0.33645343203774003,SPOOFED
2025-11-26 22:59:20,32.638553333333334,75.022205,11,3.3,0.1849999995329199,0.07436497619129104,0.3494389090524025,0,0.3494389090524025,JAMMED/WEAK
2025-11-26 22:59:21,32.638551666666665,75.022205,11,3.3,0.18500000032162234,0.08542847860432418,0.40724135945568196,0,0.40724135945568196,JAMMED/WEAK
2025-11-26 22:59:22,32.638551666666665,75.02220333333334,11,3.3,0.1849999995329199,0.09538563069718375,0.39437560343299227,0,0.39437560343299227,JAMMED/WEAK
2025-11-26 22:59:23,32.638551666666665,75.02220333333334,12,3.2,0.0,0.08584706762746538,0.7847722032026497,0,0.7847722032026497,GOOD
2025-11-26 22:59:24,32.638551666666665,75.02220333333334,12,3.2,0.0,0.07726236086471885,0.946927560005798,0,0.946927560005798,GOOD
2025-11-26 22:59:25,32.638551666666665,75.02220166666666,12,3.2,0.18500000111032477,0.08803612488927945,0.3580872996795602,0,0.3580872996795602,JAMMED/WEAK
2025-11-26 22:59:26,32.638551666666665,75.02220166666666,12,3.2,0.0,0.0792325124003515,0.7646833192517755,0,0.7646833192517755,GOOD
2025-11-26 22:59:27,32.638551666666665,75.02220166666666,12,3.2,0.0,0.07130926116031636,0.924592804281918,0,0.924592804281918,GOOD
2025-11-26 22:59:28,32.638551666666665,75.02220166666666,12,3.2,0.0,0.06417833504428472,0.8155971575608665,0,0.8155971575608665,GOOD
2025-11-26 22:59:29,32.638551666666665,75.0222,12,3.2,0.1849999995329199,0.07626050149314824,0.790451695880157,0,0.790451695880157,GOOD
2025-11-26 22:59:30,32.638551666666665,75.0222,12,3.2,0.0,0.06863445134383342,0.8101957125973627,0,0.8101957125973627,GOOD
2025-11-26 22:59:31,32.638551666666665,75.0222,12,3.2,0.0,0.06177100620945008,0.3828455002774699,0,0.3828455002774699,JAMMED/WEAK
2025-11-26 22:59:32,32.638551666666665,75.0222,12,3.2,0.0,0.05559390558850507,0.11541861853364932,0,0.11541861853364932,SPOOFED
2025-11-26 22:59:33,32.638551666666665,75.0222,12,3.2,0.0,0.050034515029654565,0.8268655436655465,0,0.8268655436655465,GOOD
2025-11-26 22:59:34,32.638551666666665,75.0222,12,3.2,0.0,0.04503106352668911,0.5758033963705778,0,0.5758033963705778,JAMMED/WEAK
2025-11-26 22:59:35,32.638551666666665,75.0222,11,3.3,0.0,0.040527957174020204,0.5682866468638728,0,0.5682866468638728,JAMMED/WEAK
2025-11-26 22:59:36,32.638551666666665,75.02219833333334,11,3.3,0.1849999995329199,0.05497516140991018,0.46437146115567807,0,0.46437146115567807,JAMMED/WEAK
2025-11-26 22:59:37,32.638551666666665,75.02219833333334,11,3.3,0.0,0.04947764526891916,0.2507732646250712,0,0.2507732646250712,SPOOFED
2025-11-26 22:59:38,32.638551666666665,75.02219833333334,10,3.9,0.0,0.044529880742027246,0.2091692326732908,0,0.2091692326732908,SPOOFED
2025-11-26 22:59:39,32.638551666666665,75.02219833333334,10,3.9,0.0,0.04007689266782452,0.3131071444912433,0,0.3131071444912433,SPOOFED
2025-11-26 22:59:40,32.638551666666665,75.02219666666667,10,3.9,0.1849999995329199,0.05456920335433406,0.9913787668850517,0,0.9913787668850517,GOOD
2025-11-26 22:59:41,32.638551666666665,75.02219666666667,10,3.9,0.0,0.04911228301890065,0.023623304136828005,0.7252698557436429,0.7252698557436429,GOOD
2025-11-26 22:59:42,32.638551666666665,75.02219666666667,10,3.9,0.0,0.044201054717010586,0.3206178765717339,0,0.3206178765717339,SPOOFED
2025-11-26 22:59:43,32.638551666666665,75.02219666666667,10,3.9,0.0,0.039780949245309526,0.9414715372092017,0,0.9414715372092017,GOOD
2025-11-26 22:59:44,32.638551666666665,75.02219666666667,10,3.9,0.0,0.03580285432077857,0.012216777422142888,0.3866267702207299,0.3866267702207299,JAMMED/WEAK
2025-11-26 22:59:45,32.638551666666665,75.022195,10,3.9,0.18500000111032477,0.050722568999733195,0.2996887683327847,0,0.2996887683327847,SPOOFED
2025-11-26 22:59:46,32.638551666666665,75.02219666666667,10,3.9,0.18500000111032477,0.06415031221079236,0.49161401285594575,0,0.49161401285594575,JAMMED/WEAK
2025-11-26 22:59:47,32.638553333333334,75.02219666666667,10,3.9,0.18500000032162234,0.07623528102187535,0.35750042323434095,0,0.35750042323434095,JAMMED/WEAK
2025-11-26 22:59:48,32.638553333333334,75.02219666666667,10,3.9,0.0,0.06861175291968782,0.5201560123436795,0,0.5201560123436795,JAMMED/WEAK
2025-11-26 22:59:49,32.638553333333334,75.02219666666667,10,3.9,0.0,0.061750577627719044,0.9145546370682595,0,0.9145546370682595,GOOD
2025-11-26 22:59:50,32.638553333333334,75.02219666666667,10,3.9,0.0,0.05557551986494714,0.30581781390843943,0,0.30581781390843943,SPOOFED
2025-11-26 22:59:51,32.638553333333334,75.02219666666667,10,3.9,0.0,0.050017967878452425,0.07900252231734428,0,0.07900252231734428,SPOOFED
2025-11-26 22:59:52,32.638553333333334,75.02219666666667,10,3.9,0.0,0.04501617109060718,0.43740598266743036,0,0.43740598266743036,JAMMED/WEAK
2025-11-26 22:59:53,32.638553333333334,75.02219666666667,10,3.9,0.0,0.040514553981546464,0.8590934841412567,0,0.8590934841412567,GOOD
2025-11-26 22:59:54,32.638553333333334,75.02219666666667,10,3.9,0.0,0.03646309858339182,0.9638587333060933,0,0.9638587333060933,GOOD
2025-11-26 22:59:55,32.638553333333334,75.02219666666667,10,3.9,0.0,0.03281678872505264,0.9220804757451998,0,0.9220804757451998,GOOD
2025-11-26 22:59:56,32.638553333333334,75.02219666666667,10,3.9,0.0,0.02953510985254738,0.5377320351061549,0,0.5377320351061549,JAMMED/WEAK
2025-11-26 22:59:57,32.638553333333334,75.02219666666667,10,3.9,0.0,0.026581598867292642,0.6714843862128247,0,0.6714843862128247,GOOD
2025-11-26 22:59:58,32.638553333333334,75.022195,10,3.9,0.18500000111032477,0.042423439091595856,0.40525428400907015,0,0.40525428400907015,JAMMED/WEAK
2025-11-26 22:59:59,32.638553333333334,75.022195,10,3.9,0.0,0.03818109518243627,0.8183976682585393,0,0.8183976682585393,GOOD
2025-11-26 23:00:00,32.638553333333334,75.022195,10,3.9,0.0,0.034362985664192644,0.2499930593772789,0,0.2499930593772789,SPOOFED
2025-11-26 23:00:01,32.638553333333334,75.022195,10,3.9,0.0,0.03092668709777338,0.4403001298893743,0,0.4403001298893743,JAMMED/WEAK
2025-11-26 23:00:02,32.638553333333334,75.022195,10,3.9,0.0,0.027834018387996044,0.09493083536776314,0,0.09493083536776314,SPOOFED
2025-11-26 23:00:03,32.638553333333334,75.022195,10,3.9,0.0,0.02505061654919644,0.5983325494220628,0,0.5983325494220628,JAMMED/WEAK
2025-11-26 23:00:04,32.638553333333334,75.02219333333333,10,3.9,0.1849999995329199,0.04104555484756879,0.37105624743302723,0,0.37105624743302723,JAMMED/WEAK
2025-11-26 23:00:05,32.638553333333334,75.02219333333333,10,3.9,0.0,0.036940999362811915,0.8182384919223306,0,0.8182384919223306,GOOD
2025-11-26 23:00:06,32.638553333333334,75.02219333333333,10,3.9,0.0,0.033246899426530724,0.2094856193601461,0,0.2094856193601461,SPOOFED
2025-11-26 23:00:07,32.638553333333334,75.02219333333333,10,3.9,0.0,0.02992220948387765,0.12805480825276305,0,0.12805480825276305,SPOOFED
2025-11-26 23:00:08,32.638551666666665,75.02219333333333,11,3.3,0.18500000032162234,0.045429988567652124,0.2052333370164523,0,0.2052333370164523,SPOOFED
2025-11-26 23:00:09,32.638551666666665,75.02219333333333,11,3.3,0.0,0.04088698971088691,0.9562621648772837,0,0.9562621648772837,GOOD
2025-11-26 23:00:10,32.638551666666665,75.02219333333333,11,3.3,0.0,0.03679829073979822,0.6573542673177387,0,0.6573542673177387,JAMMED/WEAK
2025-11-26 23:00:11,32.638551666666665,75.02219333333333,11,3.3,0.0,0.0331184616658184,0.6468313721340553,0,0.6468313721340553,JAMMED/WEAK
2025-11-26 23:00:12,32.638551666666665,75.02219333333333,10,3.9,0.0,0.029806615499236563,0.4511812434365208,0,0.4511812434365208,JAMMED/WEAK
2025-11-26 23:00:13,32.638551666666665,75.02219333333333,10,3.9,0.0,0.02682595394931291,0.17654843289444777,0,0.17654843289444777,SPOOFED
2025-11-26 23:00:14,32.638551666666665,75.02219333333333,10,3.9,0.0,0.024143358554381617,0.09255494787045426,0,0.09255494787045426,SPOOFED
2025-11-26 23:00:15,32.638551666666665,75.02219333333333,10,3.9,0.0,0.021729022698943456,0.2068678265135141,0,0.2068678265135141,SPOOFED
2025-11-26 23:00:16,32.638551666666665,75.02219333333333,9,3.9,0.0,0.019556120429049112,0.0279867576545334,0.009784360328123132,0.009784360328123132,SPOOFED
2025-11-26 23:00:17,32.638551666666665,75.02219333333333,9,3.9,0.0,0.0176005083861442,0.48801443587726046,0,0.48801443587726046,JAMMED/WEAK
2025-11-26 23:00:18,32.638551666666665,75.02219333333333,9,3.9,0.0,0.01584045754752978,0.779024297202549,0,0.779024297202549,GOOD
2025-11-26 23:00:19,32.638551666666665,75.02219333333333,9,3.9,0.0,0.014256411792776803,0.2261893879641006,0,0.2261893879641006,SPOOFED
2025-11-26 23:00:20,32.638551666666665,75.02219333333333,10,3.9,0.0,0.012830770613499123,0.9875660896743509,0,0.9875660896743509,GOOD
2025-11-26 23:00:21,32.638551666666665,75.022195,10,3.9,0.1849999995329199,0.030047693505441203,0.026897586189763012,0.2063102589571324,0.2063102589571324,SPOOFED
2025-11-26 23:00:22,32.63855,75.022195,10,3.9,0.1849999995329199,0.045542924108189074,0.8396784813352796,0,0.8396784813352796,GOOD
2025-11-26 23:00:23,32.63855,75.022195,10,3.9,0.0,0.040988631697370166,0.846040740128407,0,0.846040740128407,GOOD
2025-11-26 23:00:24,32.63855,75.02219666666667,10,3.9,0.18500000111032477,0.055389768638665626,0.10209998039646395,0,0.10209998039646395,SPOOFED
2025-11-26 23:00:25,32.63855,75.02219833333334,10,3.9,0.1849999995329199,0.06835079172809105,0.7116882194054037,0,0.7116882194054037,GOOD
2025-11-26 23:00:26,32.63855,75.02219833333334,10,3.9,0.0,0.06151571255528195,0.0606750038999343,0,0.0606750038999343,SPOOFED
2025-11-26 23:00:27,32.63854833333333,75.0222,10,3.9,0.2616295089361684,0.08152709219337059,0.3705862810901096,0,0.3705862810901096,JAMMED/WEAK
2025-11-26 23:00:28,32.63854833333333,75.0222,11,3.3,0.0,0.07337438297403354,0.861030331561995,0,0.861030331561995,GOOD
2025-11-26 23:00:29,32.63854833333333,75.0222,11,3.3,0.0,0.06603694467663018,0.1796255259170565,0,0.1796255259170565,SPOOFED
2025-11-26 23:00:30,32.63854833333333,75.02220166666666,11,3.3,0.1849999995329199,0.07793325016225916,0.04092421930470058,0.5264029572948107,0.5264029572948107,JAMMED/WEAK
2025-11-26 23:00:31,32.63854833333333,75.02220166666666,11,3.3,0.0,0.07013992514603325,0.6719983919082478,0,0.6719983919082478,GOOD
2025-11-26 23:00:32,32.63854833333333,75.02220166666666,11,3.3,0.0,0.06312593263142992,0.5674818952151911,0,0.5674818952151911,JAMMED/WEAK
2025-11-26 23:00:33,32.63854833333333,75.02220166666666,11,3.3,0.0,0.056813339368286926,0.22850224785000428,0,0.22850224785000428,SPOOFED
2025-11-26 23:00:34,32.63854833333333,75.02220333333334,11,3.3,0.18500000111032477,0.06963200554249072,0.26071732051993046,0,0.26071732051993046,SPOOFED
2025-11-26 23:00:35,32.63854833333333,75.02220333333334,12,1.8,0.0,0.06266880498824165,0.03002429702973497,0.2981795338502571,0.2981795338502571,SPOOFED
2025-11-26 23:00:36,32.63854833333333,75.02220333333334,12,1.8,0.0,0.056401924489417485,0.85672770719241,0,0.85672770719241,GOOD
2025-11-26 23:00:37,32.63854833333333,75.02220333333334,12,1.8,0.0,0.05076173204047574,0.3670801821994176,0,0.3670801821994176,JAMMED/WEAK
2025-11-26 23:00:38,32.63854833333333,75.02220333333334,12,1.8,0.0,0.045685558836428164,0.34292904240155264,0,0.34292904240155264,JAMMED/WEAK
2025-11-26 23:00:39,32.63854833333333,75.02220333333334,12,1.8,0.0,0.04111700295278535,0.40158835748834354,0,0.40158835748834354,JAMMED/WEAK
2025-11-26 23:00:40,32.63854833333333,75.02220333333334,12,1.8,0.0,0.03700530265750682,0.34145938360204053,0,0.34145938360204053,JAMMED/WEAK
2025-11-26 23:00:41,32.63854833333333,75.02220333333334,12,1.8,0.0,0.03330477239175614,0.7661035337647859,0,0.7661035337647859,GOOD
2025-11-26 23:00:42,32.63854833333333,75.02220333333334,12,1.8,0.0,0.029974295152580526,0.08041151286672787,0,0.08041151286672787,SPOOFED
2025-11-26 23:00:43,32.63854833333333,75.02220333333334,12,1.8,0.0,0.026976865637322475,0.16144240966309098,0,0.16144240966309098,SPOOFED
2025-11-26 23:00:44,32.63854833333333,75.02220166666666,12,1.8,0.18500000111032477,0.042779179184622707,0.4254749509699194,0,0.4254749509699194,JAMMED/WEAK
2025-11-26 23:00:45,32.63854833333333,75.02220166666666,12,1.8,0.0,0.038501261266160436,0.5601245267155299,0,0.5601245267155299,JAMMED/WEAK
2025-11-26 23:00:46,32.63854833333333,75.02220166666666,12,1.8,0.0,0.034651135139544396,0.6817215051040432,0,0.6817215051040432,GOOD
2025-11-26 23:00:47,32.63854833333333,75.02220166666666,12,1.8,0.0,0.031186021625589956,0.8004759537884032,0,0.8004759537884032,GOOD
2025-11-26 23:00:48,32.63854833333333,75.02220166666666,12,1.8,0.0,0.02806741946303096,0.8275806507928629,0,0.8275806507928629,GOOD
2025-11-26 23:00:49,32.63854833333333,75.02220166666666,12,1.8,0.0,0.025260677516727864,0.6477845858247381,0,0.6477845858247381,JAMMED/WEAK
2025-11-26 23:00:50,32.63854833333333,75.02220166666666,12,1.8,0.0,0.022734609765055078,0.48164926751525006,0,0.48164926751525006,JAMMED/WEAK
2025-11-26 23:00:51,32.63854833333333,75.02220166666666,12,1.8,0.0,0.02046114878854957,0.2815237082431975,0,0.2815237082431975,SPOOFED
2025-11-26 23:00:52,32.63854833333333,75.02220166666666,12,1.8,0.0,0.018415033909694616,0.03877887272852698,0.6817766541055758,0.6817766541055758,GOOD
2025-11-26 23:00:53,32.63854833333333,75.0222,12,1.8,0.1849999995329199,0.035073530472017146,0.7374247581737879,0,0.7374247581737879,GOOD
2025-11-26 23:00:54,32.63854833333333,75.0222,12,1.8,0.0,0.031566177424815434,0.08835005457677036,0,0.08835005457677036,SPOOFED
2025-11-26 23:00:55,32.63854833333333,75.0222,12,1.8,0.0,0.02840955968233389,0.5617137328476065,0,0.5617137328476065,JAMMED/WEAK
2025-11-26 23:00:56,32.63854833333333,75.0222,12,1.8,0.0,0.025568603714100503,0.766135337854646,0,0.766135337854646,GOOD
2025-11-26 23:00:57,32.63854833333333,75.02219833333334,12,1.8,0.1849999995329199,0.041511743295982444,0.4350977822395877,0,0.4350977822395877,JAMMED/WEAK
2025-11-26 23:00:58,32.63854833333333,75.02219833333334,12,1.8,0.0,0.0373605689663842,0.8634956324544438,0,0.8634956324544438,GOOD
2025-11-26 23:00:59,32.63854833333333,75.02219833333334,12,1.8,0.0,0.03362451206974578,0.9525940705778663,0,0.9525940705778663,GOOD
2025-11-26 23:01:00,32.63854833333333,75.02219833333334,12,1.8,0.0,0.030262060862771202,0.9308495023830848,0,0.9308495023830848,GOOD
2025-11-26 23:01:01,32.63854833333333,75.02219833333334,12,1.8,0.0,0.02723585477649408,0.3386401727615619,0,0.3386401727615619,SPOOFED
2025-11-26 23:01:02,32.63854833333333,75.02219833333334,12,1.8,0.0,0.024512269298844674,0.7596524730878121,0,0.7596524730878121,GOOD
2025-11-26 23:01:03,32.63854833333333,75.02219666666667,12,1.8,0.1849999995329199,0.0405610423222522,0.030501417309175216,0.8891143664076898,0.8891143664076898,GOOD
2025-11-26 23:01:04,32.63854833333333,75.02219666666667,12,1.8,0.0,0.036504938090026987,0.8084105731115249,0,0.8084105731115249,GOOD
2025-11-26 23:01:05,32.63854833333333,75.02219666666667,12,1.8,0.0,0.03285444428102429,0.4591925595718781,0,0.4591925595718781,JAMMED/WEAK
2025-11-26 23:01:06,32.63854833333333,75.02219666666667,12,1.8,0.0,0.029568999852921864,0.2771072916981072,0,0.2771072916981072,SPOOFED
2025-11-26 23:01:07,32.63854833333333,75.02219666666667,12,1.8,0.0,0.026612099867629677,0.9494424772431088,0,0.9494424772431088,GOOD
2025-11-26 23:01:08,32.63854833333333,75.02219666666667,2025-11-29 15:20:41,32.63861,75.02226833333333,11,4.3,0.0,0.0,0.6027363078828476,0,0.6027363078828476,JAMMED/WEAK
2025-11-29 15:20:42,32.63861,75.02226833333333,11,4.3,0.0,0.0,0.8686280600152098,0,0.8686280600152098,GOOD
2025-11-29 15:20:43,32.63861,75.02226833333333,11,4.3,0.0,0.0,0.18769558454901847,0,0.18769558454901847,SPOOFED
2025-11-29 15:20:44,32.63861,75.02226833333333,11,4.3,0.0,0.0,0.707046436417179,0,0.707046436417179,GOOD
2025-11-29 15:20:45,32.63861,75.02226833333333,11,4.3,0.0,0.0,0.9793874928049349,0,0.9793874928049349,GOOD
2025-11-29 15:20:46,32.63861,75.02226833333333,11,4.3,0.0,0.0,0.2551498885355239,0,0.2551498885355239,SPOOFED
2025-11-29 15:20:47,32.63861,75.02226833333333,11,4.3,0.0,0.0,0.48273342348290493,0,0.48273342348290493,JAMMED/WEAK
2025-11-29 15:20:48,32.63861,75.02226833333333,11,4.3,0.0,0.0,0.3264924513997407,0,0.3264924513997407,SPOOFED
2025-11-29 15:20:49,32.63861,75.02226833333333,11,4.3,0.0,0.0,0.7863173310383889,0,0.7863173310383889,GOOD
2025-11-29 15:20:50,32.63861,75.02226833333333,11,4.3,0.0,0.0,0.7739968966975488,0,0.7739968966975488,GOOD
2025-11-29 15:20:51,32.63861,75.02226833333333,11,4.3,0.0,0.0,0.32298268735082825,0,0.32298268735082825,SPOOFED
2025-11-29 15:20:52,32.63861,75.02226833333333,11,4.3,0.0,0.0,0.019292702761164793,0.11237289602458067,0.11237289602458067,SPOOFED
2025-11-29 15:20:53,32.63861,75.02226833333333,11,4.3,0.0,0.0,0.14972925167209217,0,0.14972925167209217,SPOOFED
2025-11-29 15:20:54,32.63861,75.02226833333333,11,4.3,0.0,0.0,0.6961904554117464,0,0.6961904554117464,GOOD
2025-11-29 15:20:55,32.63861,75.02226833333333,11,4.3,0.0,0.0,0.8869338981006953,0,0.8869338981006953,GOOD
2025-11-29 15:20:56,32.63861,75.02226833333333,11,4.3,0.0,0.0,0.5251119204918875,0,0.5251119204918875,JAMMED/WEAK
2025-11-29 15:20:57,32.63861,75.02226833333333,11,4.3,0.0,0.0,0.17144289212106678,0,0.17144289212106678,SPOOFED
2025-11-29 15:20:58,32.63861,75.02226833333333,11,4.3,0.0,0.0,0.36391570135601103,0,0.36391570135601103,JAMMED/WEAK
